ISO-10303-21;
HEADER;
/* Generated by software containing ST-Developer
 * from STEP Tools, Inc. (www.steptools.com) 
 */

FILE_DESCRIPTION(
/* description */ ('HOOPS Exchange Step'),
/* implementation_level */ '2;1');

FILE_NAME(
/* name */ 'body.step',
/* time_stamp */ '2026-04-02T15:07:03+05:30',
/* author */ (''),
/* organization */ (''),
/* preprocessor_version */ 'ST-DEVELOPER v20.1',
/* originating_system */ 'Autodesk Translation Framework v14.24.0.0',
/* authorisation */ '');

FILE_SCHEMA (('AUTOMOTIVE_DESIGN { 1 0 10303 214 3 1 1 }'));
ENDSEC;

DATA;
#10=MECHANICAL_DESIGN_GEOMETRIC_PRESENTATION_REPRESENTATION('',(#131,#132,
#133,#134),#5278);
#11=CONICAL_SURFACE('',#3452,2.5,0.785398163397448);
#12=CONICAL_SURFACE('',#3456,2.5,0.785398163397447);
#13=CONICAL_SURFACE('',#3460,2.5,0.785398163397447);
#14=CONICAL_SURFACE('',#3464,2.5,0.785398163397447);
#15=CYLINDRICAL_SURFACE('',#3328,0.5);
#16=CYLINDRICAL_SURFACE('',#3331,0.5);
#17=CYLINDRICAL_SURFACE('',#3334,0.499999999999998);
#18=CYLINDRICAL_SURFACE('',#3337,0.5);
#19=CYLINDRICAL_SURFACE('',#3340,0.5);
#20=CYLINDRICAL_SURFACE('',#3343,0.499999999999998);
#21=CYLINDRICAL_SURFACE('',#3345,3.5);
#22=CYLINDRICAL_SURFACE('',#3347,3.5);
#23=CYLINDRICAL_SURFACE('',#3350,3.5);
#24=CYLINDRICAL_SURFACE('',#3353,3.5);
#25=CYLINDRICAL_SURFACE('',#3356,3.5);
#26=CYLINDRICAL_SURFACE('',#3358,3.5);
#27=CYLINDRICAL_SURFACE('',#3361,3.5);
#28=CYLINDRICAL_SURFACE('',#3363,3.5);
#29=CYLINDRICAL_SURFACE('',#3366,3.5);
#30=CYLINDRICAL_SURFACE('',#3368,3.5);
#31=CYLINDRICAL_SURFACE('',#3371,3.5);
#32=CYLINDRICAL_SURFACE('',#3375,3.5);
#33=CYLINDRICAL_SURFACE('',#3386,0.499999999999998);
#34=CYLINDRICAL_SURFACE('',#3389,0.5);
#35=CYLINDRICAL_SURFACE('',#3392,0.5);
#36=CYLINDRICAL_SURFACE('',#3395,0.499999999999998);
#37=CYLINDRICAL_SURFACE('',#3398,0.5);
#38=CYLINDRICAL_SURFACE('',#3401,0.5);
#39=CYLINDRICAL_SURFACE('',#3409,5.);
#40=CYLINDRICAL_SURFACE('',#3420,5.);
#41=CYLINDRICAL_SURFACE('',#3435,5.);
#42=CYLINDRICAL_SURFACE('',#3445,5.);
#43=CYLINDRICAL_SURFACE('',#3469,3.);
#44=CYLINDRICAL_SURFACE('',#3471,3.);
#45=CYLINDRICAL_SURFACE('',#3474,3.);
#46=CYLINDRICAL_SURFACE('',#3476,3.);
#47=CIRCLE('',#3303,3.5);
#48=CIRCLE('',#3304,3.5);
#49=CIRCLE('',#3305,3.5);
#50=CIRCLE('',#3306,3.5);
#51=CIRCLE('',#3307,3.5);
#52=CIRCLE('',#3308,3.5);
#53=CIRCLE('',#3309,3.5);
#54=CIRCLE('',#3310,3.5);
#55=CIRCLE('',#3311,3.5);
#56=CIRCLE('',#3312,3.5);
#57=CIRCLE('',#3313,3.5);
#58=CIRCLE('',#3314,3.5);
#59=CIRCLE('',#3315,0.499999999999998);
#60=CIRCLE('',#3316,0.5);
#61=CIRCLE('',#3317,0.499999999999998);
#62=CIRCLE('',#3318,0.5);
#63=CIRCLE('',#3319,0.5);
#64=CIRCLE('',#3320,0.499999999999998);
#65=CIRCLE('',#3321,0.5);
#66=CIRCLE('',#3322,0.499999999999998);
#67=CIRCLE('',#3323,0.5);
#68=CIRCLE('',#3324,0.5);
#69=CIRCLE('',#3325,0.5);
#70=CIRCLE('',#3326,0.5);
#71=CIRCLE('',#3329,0.5);
#72=CIRCLE('',#3332,0.5);
#73=CIRCLE('',#3335,0.499999999999998);
#74=CIRCLE('',#3338,0.5);
#75=CIRCLE('',#3341,0.5);
#76=CIRCLE('',#3344,0.499999999999998);
#77=CIRCLE('',#3346,3.5);
#78=CIRCLE('',#3348,3.5);
#79=CIRCLE('',#3351,3.5);
#80=CIRCLE('',#3354,3.5);
#81=CIRCLE('',#3357,3.5);
#82=CIRCLE('',#3359,3.5);
#83=CIRCLE('',#3362,3.5);
#84=CIRCLE('',#3364,3.5);
#85=CIRCLE('',#3367,3.5);
#86=CIRCLE('',#3369,3.5);
#87=CIRCLE('',#3372,3.5);
#88=CIRCLE('',#3376,3.5);
#89=CIRCLE('',#3387,0.499999999999998);
#90=CIRCLE('',#3390,0.5);
#91=CIRCLE('',#3393,0.5);
#92=CIRCLE('',#3396,0.499999999999998);
#93=CIRCLE('',#3399,0.5);
#94=CIRCLE('',#3402,0.5);
#95=CIRCLE('',#3410,5.);
#96=CIRCLE('',#3411,5.);
#97=CIRCLE('',#3413,5.);
#98=CIRCLE('',#3419,5.);
#99=CIRCLE('',#3436,5.);
#100=CIRCLE('',#3437,5.);
#101=CIRCLE('',#3439,5.);
#102=CIRCLE('',#3440,3.);
#103=CIRCLE('',#3441,3.);
#104=CIRCLE('',#3442,3.);
#105=CIRCLE('',#3443,3.);
#106=CIRCLE('',#3446,5.);
#107=CIRCLE('',#3453,3.);
#108=CIRCLE('',#3454,2.);
#109=CIRCLE('',#3457,3.);
#110=CIRCLE('',#3458,2.);
#111=CIRCLE('',#3461,3.);
#112=CIRCLE('',#3462,2.);
#113=CIRCLE('',#3465,3.);
#114=CIRCLE('',#3466,2.);
#115=ITEM_DEFINED_TRANSFORMATION($,$,#3289,#3290);
#116=ITEM_DEFINED_TRANSFORMATION($,$,#3242,#3481);
#117=ITEM_DEFINED_TRANSFORMATION($,$,#3288,#3482);
#118=(
REPRESENTATION_RELATIONSHIP($,$,#5297,#5296)
REPRESENTATION_RELATIONSHIP_WITH_TRANSFORMATION(#115)
SHAPE_REPRESENTATION_RELATIONSHIP()
);
#119=(
REPRESENTATION_RELATIONSHIP($,$,#5295,#5294)
REPRESENTATION_RELATIONSHIP_WITH_TRANSFORMATION(#116)
SHAPE_REPRESENTATION_RELATIONSHIP()
);
#120=(
REPRESENTATION_RELATIONSHIP($,$,#5296,#5294)
REPRESENTATION_RELATIONSHIP_WITH_TRANSFORMATION(#117)
SHAPE_REPRESENTATION_RELATIONSHIP()
);
#121=CONTEXT_DEPENDENT_SHAPE_REPRESENTATION(#118,#5291);
#122=CONTEXT_DEPENDENT_SHAPE_REPRESENTATION(#119,#5292);
#123=CONTEXT_DEPENDENT_SHAPE_REPRESENTATION(#120,#5293);
#124=NEXT_ASSEMBLY_USAGE_OCCURRENCE('RootNode:1','RootNode:1',
'RootNode:1',#5301,#5302,'RootNode:1');
#125=NEXT_ASSEMBLY_USAGE_OCCURRENCE('esp32 compartment:1',
'esp32 compartment:1','esp32 compartment:1',#5299,#5300,
'esp32 compartment:1');
#126=NEXT_ASSEMBLY_USAGE_OCCURRENCE('Untitled:1','Untitled:1',
'Untitled:1',#5299,#5301,'Untitled:1');
#127=SHAPE_REPRESENTATION_RELATIONSHIP('SRR','None',#5295,#129);
#128=SHAPE_REPRESENTATION_RELATIONSHIP('SRR','None',#5294,#130);
#129=ADVANCED_BREP_SHAPE_REPRESENTATION('',(#135),#5275);
#130=ADVANCED_BREP_SHAPE_REPRESENTATION('',(#136,#137),#5274);
#131=STYLED_ITEM('',(#5318),#135);
#132=STYLED_ITEM('',(#5320),#3164);
#133=STYLED_ITEM('',(#5319),#136);
#134=STYLED_ITEM('',(#5318),#137);
#135=MANIFOLD_SOLID_BREP('Body1',#3215);
#136=MANIFOLD_SOLID_BREP('Body1',#3216);
#137=MANIFOLD_SOLID_BREP('Body2',#3217);
#138=FACE_BOUND('',#350,.T.);
#139=FACE_BOUND('',#366,.T.);
#140=FACE_BOUND('',#379,.T.);
#141=FACE_BOUND('',#381,.T.);
#142=FACE_BOUND('',#382,.T.);
#143=FACE_BOUND('',#383,.T.);
#144=FACE_BOUND('',#419,.T.);
#145=FACE_BOUND('',#440,.T.);
#146=FACE_BOUND('',#441,.T.);
#147=FACE_BOUND('',#442,.T.);
#148=FACE_BOUND('',#448,.T.);
#149=FACE_BOUND('',#453,.T.);
#150=FACE_BOUND('',#455,.T.);
#151=FACE_BOUND('',#467,.T.);
#152=FACE_BOUND('',#474,.T.);
#153=FACE_BOUND('',#495,.T.);
#154=FACE_OUTER_BOUND('',#321,.T.);
#155=FACE_OUTER_BOUND('',#322,.T.);
#156=FACE_OUTER_BOUND('',#323,.T.);
#157=FACE_OUTER_BOUND('',#324,.T.);
#158=FACE_OUTER_BOUND('',#325,.T.);
#159=FACE_OUTER_BOUND('',#326,.T.);
#160=FACE_OUTER_BOUND('',#327,.T.);
#161=FACE_OUTER_BOUND('',#328,.T.);
#162=FACE_OUTER_BOUND('',#329,.T.);
#163=FACE_OUTER_BOUND('',#330,.T.);
#164=FACE_OUTER_BOUND('',#331,.T.);
#165=FACE_OUTER_BOUND('',#332,.T.);
#166=FACE_OUTER_BOUND('',#333,.T.);
#167=FACE_OUTER_BOUND('',#334,.T.);
#168=FACE_OUTER_BOUND('',#335,.T.);
#169=FACE_OUTER_BOUND('',#336,.T.);
#170=FACE_OUTER_BOUND('',#337,.T.);
#171=FACE_OUTER_BOUND('',#338,.T.);
#172=FACE_OUTER_BOUND('',#339,.T.);
#173=FACE_OUTER_BOUND('',#340,.T.);
#174=FACE_OUTER_BOUND('',#341,.T.);
#175=FACE_OUTER_BOUND('',#342,.T.);
#176=FACE_OUTER_BOUND('',#343,.T.);
#177=FACE_OUTER_BOUND('',#344,.T.);
#178=FACE_OUTER_BOUND('',#345,.T.);
#179=FACE_OUTER_BOUND('',#346,.T.);
#180=FACE_OUTER_BOUND('',#347,.T.);
#181=FACE_OUTER_BOUND('',#348,.T.);
#182=FACE_OUTER_BOUND('',#349,.T.);
#183=FACE_OUTER_BOUND('',#351,.T.);
#184=FACE_OUTER_BOUND('',#352,.T.);
#185=FACE_OUTER_BOUND('',#353,.T.);
#186=FACE_OUTER_BOUND('',#354,.T.);
#187=FACE_OUTER_BOUND('',#355,.T.);
#188=FACE_OUTER_BOUND('',#356,.T.);
#189=FACE_OUTER_BOUND('',#357,.T.);
#190=FACE_OUTER_BOUND('',#358,.T.);
#191=FACE_OUTER_BOUND('',#359,.T.);
#192=FACE_OUTER_BOUND('',#360,.T.);
#193=FACE_OUTER_BOUND('',#361,.T.);
#194=FACE_OUTER_BOUND('',#362,.T.);
#195=FACE_OUTER_BOUND('',#363,.T.);
#196=FACE_OUTER_BOUND('',#364,.T.);
#197=FACE_OUTER_BOUND('',#365,.T.);
#198=FACE_OUTER_BOUND('',#367,.T.);
#199=FACE_OUTER_BOUND('',#368,.T.);
#200=FACE_OUTER_BOUND('',#369,.T.);
#201=FACE_OUTER_BOUND('',#370,.T.);
#202=FACE_OUTER_BOUND('',#371,.T.);
#203=FACE_OUTER_BOUND('',#372,.T.);
#204=FACE_OUTER_BOUND('',#373,.T.);
#205=FACE_OUTER_BOUND('',#374,.T.);
#206=FACE_OUTER_BOUND('',#375,.T.);
#207=FACE_OUTER_BOUND('',#376,.T.);
#208=FACE_OUTER_BOUND('',#377,.T.);
#209=FACE_OUTER_BOUND('',#378,.T.);
#210=FACE_OUTER_BOUND('',#380,.T.);
#211=FACE_OUTER_BOUND('',#384,.T.);
#212=FACE_OUTER_BOUND('',#385,.T.);
#213=FACE_OUTER_BOUND('',#386,.T.);
#214=FACE_OUTER_BOUND('',#387,.T.);
#215=FACE_OUTER_BOUND('',#388,.T.);
#216=FACE_OUTER_BOUND('',#389,.T.);
#217=FACE_OUTER_BOUND('',#390,.T.);
#218=FACE_OUTER_BOUND('',#391,.T.);
#219=FACE_OUTER_BOUND('',#392,.T.);
#220=FACE_OUTER_BOUND('',#393,.T.);
#221=FACE_OUTER_BOUND('',#394,.T.);
#222=FACE_OUTER_BOUND('',#395,.T.);
#223=FACE_OUTER_BOUND('',#396,.T.);
#224=FACE_OUTER_BOUND('',#397,.T.);
#225=FACE_OUTER_BOUND('',#398,.T.);
#226=FACE_OUTER_BOUND('',#399,.T.);
#227=FACE_OUTER_BOUND('',#400,.T.);
#228=FACE_OUTER_BOUND('',#401,.T.);
#229=FACE_OUTER_BOUND('',#402,.T.);
#230=FACE_OUTER_BOUND('',#403,.T.);
#231=FACE_OUTER_BOUND('',#404,.T.);
#232=FACE_OUTER_BOUND('',#405,.T.);
#233=FACE_OUTER_BOUND('',#406,.T.);
#234=FACE_OUTER_BOUND('',#407,.T.);
#235=FACE_OUTER_BOUND('',#408,.T.);
#236=FACE_OUTER_BOUND('',#409,.T.);
#237=FACE_OUTER_BOUND('',#410,.T.);
#238=FACE_OUTER_BOUND('',#411,.T.);
#239=FACE_OUTER_BOUND('',#412,.T.);
#240=FACE_OUTER_BOUND('',#413,.T.);
#241=FACE_OUTER_BOUND('',#414,.T.);
#242=FACE_OUTER_BOUND('',#415,.T.);
#243=FACE_OUTER_BOUND('',#416,.T.);
#244=FACE_OUTER_BOUND('',#417,.T.);
#245=FACE_OUTER_BOUND('',#418,.T.);
#246=FACE_OUTER_BOUND('',#420,.T.);
#247=FACE_OUTER_BOUND('',#421,.T.);
#248=FACE_OUTER_BOUND('',#422,.T.);
#249=FACE_OUTER_BOUND('',#423,.T.);
#250=FACE_OUTER_BOUND('',#424,.T.);
#251=FACE_OUTER_BOUND('',#425,.T.);
#252=FACE_OUTER_BOUND('',#426,.T.);
#253=FACE_OUTER_BOUND('',#427,.T.);
#254=FACE_OUTER_BOUND('',#428,.T.);
#255=FACE_OUTER_BOUND('',#429,.T.);
#256=FACE_OUTER_BOUND('',#430,.T.);
#257=FACE_OUTER_BOUND('',#431,.T.);
#258=FACE_OUTER_BOUND('',#432,.T.);
#259=FACE_OUTER_BOUND('',#433,.T.);
#260=FACE_OUTER_BOUND('',#434,.T.);
#261=FACE_OUTER_BOUND('',#435,.T.);
#262=FACE_OUTER_BOUND('',#436,.T.);
#263=FACE_OUTER_BOUND('',#437,.T.);
#264=FACE_OUTER_BOUND('',#438,.T.);
#265=FACE_OUTER_BOUND('',#439,.T.);
#266=FACE_OUTER_BOUND('',#443,.T.);
#267=FACE_OUTER_BOUND('',#444,.T.);
#268=FACE_OUTER_BOUND('',#445,.T.);
#269=FACE_OUTER_BOUND('',#446,.T.);
#270=FACE_OUTER_BOUND('',#447,.T.);
#271=FACE_OUTER_BOUND('',#449,.T.);
#272=FACE_OUTER_BOUND('',#450,.T.);
#273=FACE_OUTER_BOUND('',#451,.T.);
#274=FACE_OUTER_BOUND('',#452,.T.);
#275=FACE_OUTER_BOUND('',#454,.T.);
#276=FACE_OUTER_BOUND('',#456,.T.);
#277=FACE_OUTER_BOUND('',#457,.T.);
#278=FACE_OUTER_BOUND('',#458,.T.);
#279=FACE_OUTER_BOUND('',#459,.T.);
#280=FACE_OUTER_BOUND('',#460,.T.);
#281=FACE_OUTER_BOUND('',#461,.T.);
#282=FACE_OUTER_BOUND('',#462,.T.);
#283=FACE_OUTER_BOUND('',#463,.T.);
#284=FACE_OUTER_BOUND('',#464,.T.);
#285=FACE_OUTER_BOUND('',#465,.T.);
#286=FACE_OUTER_BOUND('',#466,.T.);
#287=FACE_OUTER_BOUND('',#468,.T.);
#288=FACE_OUTER_BOUND('',#469,.T.);
#289=FACE_OUTER_BOUND('',#470,.T.);
#290=FACE_OUTER_BOUND('',#471,.T.);
#291=FACE_OUTER_BOUND('',#472,.T.);
#292=FACE_OUTER_BOUND('',#473,.T.);
#293=FACE_OUTER_BOUND('',#475,.T.);
#294=FACE_OUTER_BOUND('',#476,.T.);
#295=FACE_OUTER_BOUND('',#477,.T.);
#296=FACE_OUTER_BOUND('',#478,.T.);
#297=FACE_OUTER_BOUND('',#479,.T.);
#298=FACE_OUTER_BOUND('',#480,.T.);
#299=FACE_OUTER_BOUND('',#481,.T.);
#300=FACE_OUTER_BOUND('',#482,.T.);
#301=FACE_OUTER_BOUND('',#483,.T.);
#302=FACE_OUTER_BOUND('',#484,.T.);
#303=FACE_OUTER_BOUND('',#485,.T.);
#304=FACE_OUTER_BOUND('',#486,.T.);
#305=FACE_OUTER_BOUND('',#487,.T.);
#306=FACE_OUTER_BOUND('',#488,.T.);
#307=FACE_OUTER_BOUND('',#489,.T.);
#308=FACE_OUTER_BOUND('',#490,.T.);
#309=FACE_OUTER_BOUND('',#491,.T.);
#310=FACE_OUTER_BOUND('',#492,.T.);
#311=FACE_OUTER_BOUND('',#493,.T.);
#312=FACE_OUTER_BOUND('',#494,.T.);
#313=FACE_OUTER_BOUND('',#496,.T.);
#314=FACE_OUTER_BOUND('',#497,.T.);
#315=FACE_OUTER_BOUND('',#498,.T.);
#316=FACE_OUTER_BOUND('',#499,.T.);
#317=FACE_OUTER_BOUND('',#500,.T.);
#318=FACE_OUTER_BOUND('',#501,.T.);
#319=FACE_OUTER_BOUND('',#502,.T.);
#320=FACE_OUTER_BOUND('',#503,.T.);
#321=EDGE_LOOP('',(#2015,#2016,#2017,#2018,#2019,#2020));
#322=EDGE_LOOP('',(#2021,#2022,#2023,#2024,#2025,#2026));
#323=EDGE_LOOP('',(#2027,#2028,#2029,#2030));
#324=EDGE_LOOP('',(#2031,#2032,#2033,#2034));
#325=EDGE_LOOP('',(#2035,#2036,#2037,#2038));
#326=EDGE_LOOP('',(#2039,#2040,#2041,#2042));
#327=EDGE_LOOP('',(#2043,#2044,#2045,#2046));
#328=EDGE_LOOP('',(#2047,#2048,#2049,#2050));
#329=EDGE_LOOP('',(#2051,#2052,#2053,#2054));
#330=EDGE_LOOP('',(#2055,#2056,#2057,#2058));
#331=EDGE_LOOP('',(#2059,#2060,#2061,#2062));
#332=EDGE_LOOP('',(#2063,#2064,#2065,#2066));
#333=EDGE_LOOP('',(#2067,#2068,#2069,#2070,#2071,#2072,#2073));
#334=EDGE_LOOP('',(#2074,#2075,#2076,#2077));
#335=EDGE_LOOP('',(#2078,#2079,#2080,#2081));
#336=EDGE_LOOP('',(#2082,#2083,#2084,#2085));
#337=EDGE_LOOP('',(#2086,#2087,#2088,#2089));
#338=EDGE_LOOP('',(#2090,#2091,#2092,#2093,#2094,#2095,#2096));
#339=EDGE_LOOP('',(#2097,#2098,#2099,#2100,#2101,#2102,#2103,#2104,#2105,
#2106,#2107,#2108));
#340=EDGE_LOOP('',(#2109,#2110,#2111,#2112));
#341=EDGE_LOOP('',(#2113,#2114,#2115,#2116));
#342=EDGE_LOOP('',(#2117,#2118,#2119,#2120));
#343=EDGE_LOOP('',(#2121,#2122,#2123,#2124));
#344=EDGE_LOOP('',(#2125,#2126,#2127,#2128));
#345=EDGE_LOOP('',(#2129,#2130,#2131,#2132));
#346=EDGE_LOOP('',(#2133,#2134,#2135,#2136));
#347=EDGE_LOOP('',(#2137,#2138,#2139,#2140));
#348=EDGE_LOOP('',(#2141,#2142,#2143,#2144));
#349=EDGE_LOOP('',(#2145,#2146,#2147,#2148));
#350=EDGE_LOOP('',(#2149,#2150,#2151,#2152));
#351=EDGE_LOOP('',(#2153,#2154,#2155,#2156));
#352=EDGE_LOOP('',(#2157,#2158,#2159,#2160));
#353=EDGE_LOOP('',(#2161,#2162,#2163,#2164));
#354=EDGE_LOOP('',(#2165,#2166,#2167,#2168));
#355=EDGE_LOOP('',(#2169,#2170,#2171,#2172,#2173,#2174,#2175,#2176,#2177,
#2178,#2179,#2180,#2181,#2182));
#356=EDGE_LOOP('',(#2183,#2184,#2185,#2186));
#357=EDGE_LOOP('',(#2187,#2188,#2189,#2190,#2191,#2192,#2193,#2194,#2195,
#2196));
#358=EDGE_LOOP('',(#2197,#2198,#2199,#2200,#2201,#2202));
#359=EDGE_LOOP('',(#2203,#2204,#2205,#2206));
#360=EDGE_LOOP('',(#2207,#2208,#2209,#2210));
#361=EDGE_LOOP('',(#2211,#2212,#2213,#2214));
#362=EDGE_LOOP('',(#2215,#2216,#2217,#2218));
#363=EDGE_LOOP('',(#2219,#2220,#2221,#2222));
#364=EDGE_LOOP('',(#2223,#2224,#2225,#2226,#2227,#2228));
#365=EDGE_LOOP('',(#2229,#2230,#2231,#2232,#2233,#2234,#2235,#2236));
#366=EDGE_LOOP('',(#2237,#2238,#2239,#2240));
#367=EDGE_LOOP('',(#2241,#2242,#2243,#2244,#2245,#2246,#2247,#2248));
#368=EDGE_LOOP('',(#2249,#2250,#2251,#2252));
#369=EDGE_LOOP('',(#2253,#2254,#2255,#2256,#2257,#2258));
#370=EDGE_LOOP('',(#2259,#2260,#2261,#2262,#2263,#2264));
#371=EDGE_LOOP('',(#2265,#2266,#2267,#2268));
#372=EDGE_LOOP('',(#2269,#2270,#2271,#2272,#2273,#2274,#2275,#2276));
#373=EDGE_LOOP('',(#2277,#2278,#2279,#2280));
#374=EDGE_LOOP('',(#2281,#2282,#2283,#2284));
#375=EDGE_LOOP('',(#2285,#2286,#2287,#2288));
#376=EDGE_LOOP('',(#2289,#2290,#2291,#2292));
#377=EDGE_LOOP('',(#2293,#2294,#2295,#2296));
#378=EDGE_LOOP('',(#2297,#2298,#2299,#2300));
#379=EDGE_LOOP('',(#2301,#2302,#2303,#2304,#2305,#2306,#2307,#2308));
#380=EDGE_LOOP('',(#2309,#2310,#2311,#2312,#2313,#2314,#2315,#2316,#2317,
#2318,#2319,#2320,#2321,#2322,#2323,#2324,#2325,#2326,#2327,#2328));
#381=EDGE_LOOP('',(#2329,#2330,#2331,#2332,#2333,#2334,#2335,#2336));
#382=EDGE_LOOP('',(#2337,#2338,#2339,#2340,#2341,#2342,#2343,#2344));
#383=EDGE_LOOP('',(#2345,#2346,#2347,#2348,#2349,#2350,#2351,#2352));
#384=EDGE_LOOP('',(#2353,#2354,#2355,#2356));
#385=EDGE_LOOP('',(#2357,#2358,#2359,#2360));
#386=EDGE_LOOP('',(#2361,#2362,#2363,#2364));
#387=EDGE_LOOP('',(#2365,#2366,#2367,#2368));
#388=EDGE_LOOP('',(#2369,#2370,#2371,#2372));
#389=EDGE_LOOP('',(#2373,#2374,#2375,#2376));
#390=EDGE_LOOP('',(#2377,#2378,#2379,#2380));
#391=EDGE_LOOP('',(#2381,#2382,#2383,#2384));
#392=EDGE_LOOP('',(#2385,#2386,#2387,#2388));
#393=EDGE_LOOP('',(#2389,#2390,#2391,#2392));
#394=EDGE_LOOP('',(#2393,#2394,#2395,#2396));
#395=EDGE_LOOP('',(#2397,#2398,#2399,#2400));
#396=EDGE_LOOP('',(#2401,#2402,#2403,#2404));
#397=EDGE_LOOP('',(#2405,#2406,#2407,#2408));
#398=EDGE_LOOP('',(#2409,#2410,#2411,#2412));
#399=EDGE_LOOP('',(#2413,#2414,#2415,#2416));
#400=EDGE_LOOP('',(#2417,#2418,#2419,#2420));
#401=EDGE_LOOP('',(#2421,#2422,#2423,#2424));
#402=EDGE_LOOP('',(#2425,#2426,#2427,#2428));
#403=EDGE_LOOP('',(#2429,#2430,#2431,#2432));
#404=EDGE_LOOP('',(#2433,#2434,#2435,#2436));
#405=EDGE_LOOP('',(#2437,#2438,#2439,#2440));
#406=EDGE_LOOP('',(#2441,#2442,#2443,#2444));
#407=EDGE_LOOP('',(#2445,#2446,#2447,#2448));
#408=EDGE_LOOP('',(#2449,#2450,#2451,#2452));
#409=EDGE_LOOP('',(#2453,#2454,#2455,#2456));
#410=EDGE_LOOP('',(#2457,#2458,#2459,#2460));
#411=EDGE_LOOP('',(#2461,#2462,#2463,#2464));
#412=EDGE_LOOP('',(#2465,#2466,#2467,#2468));
#413=EDGE_LOOP('',(#2469,#2470,#2471,#2472));
#414=EDGE_LOOP('',(#2473,#2474,#2475,#2476));
#415=EDGE_LOOP('',(#2477,#2478,#2479,#2480));
#416=EDGE_LOOP('',(#2481,#2482,#2483,#2484,#2485,#2486,#2487,#2488));
#417=EDGE_LOOP('',(#2489,#2490,#2491,#2492,#2493,#2494,#2495,#2496));
#418=EDGE_LOOP('',(#2497,#2498,#2499,#2500));
#419=EDGE_LOOP('',(#2501,#2502,#2503,#2504,#2505,#2506,#2507,#2508,#2509,
#2510,#2511,#2512,#2513,#2514,#2515,#2516,#2517,#2518,#2519,#2520));
#420=EDGE_LOOP('',(#2521,#2522,#2523,#2524,#2525,#2526,#2527,#2528));
#421=EDGE_LOOP('',(#2529,#2530,#2531,#2532,#2533,#2534,#2535,#2536));
#422=EDGE_LOOP('',(#2537,#2538,#2539,#2540));
#423=EDGE_LOOP('',(#2541,#2542,#2543,#2544));
#424=EDGE_LOOP('',(#2545,#2546,#2547,#2548));
#425=EDGE_LOOP('',(#2549,#2550,#2551,#2552));
#426=EDGE_LOOP('',(#2553,#2554,#2555,#2556));
#427=EDGE_LOOP('',(#2557,#2558,#2559,#2560));
#428=EDGE_LOOP('',(#2561,#2562,#2563,#2564));
#429=EDGE_LOOP('',(#2565,#2566,#2567,#2568));
#430=EDGE_LOOP('',(#2569,#2570,#2571,#2572));
#431=EDGE_LOOP('',(#2573,#2574,#2575,#2576));
#432=EDGE_LOOP('',(#2577,#2578,#2579,#2580));
#433=EDGE_LOOP('',(#2581,#2582,#2583,#2584));
#434=EDGE_LOOP('',(#2585,#2586,#2587,#2588));
#435=EDGE_LOOP('',(#2589,#2590,#2591,#2592));
#436=EDGE_LOOP('',(#2593,#2594,#2595,#2596));
#437=EDGE_LOOP('',(#2597,#2598,#2599,#2600));
#438=EDGE_LOOP('',(#2601,#2602,#2603,#2604,#2605,#2606,#2607,#2608));
#439=EDGE_LOOP('',(#2609,#2610,#2611,#2612));
#440=EDGE_LOOP('',(#2613,#2614,#2615,#2616,#2617,#2618,#2619,#2620));
#441=EDGE_LOOP('',(#2621,#2622,#2623,#2624,#2625,#2626,#2627,#2628));
#442=EDGE_LOOP('',(#2629,#2630,#2631,#2632,#2633,#2634,#2635,#2636));
#443=EDGE_LOOP('',(#2637,#2638,#2639,#2640,#2641,#2642,#2643,#2644));
#444=EDGE_LOOP('',(#2645,#2646,#2647,#2648));
#445=EDGE_LOOP('',(#2649,#2650,#2651,#2652));
#446=EDGE_LOOP('',(#2653,#2654,#2655,#2656));
#447=EDGE_LOOP('',(#2657,#2658,#2659,#2660,#2661,#2662));
#448=EDGE_LOOP('',(#2663,#2664,#2665,#2666));
#449=EDGE_LOOP('',(#2667,#2668,#2669,#2670));
#450=EDGE_LOOP('',(#2671,#2672,#2673,#2674,#2675,#2676,#2677,#2678));
#451=EDGE_LOOP('',(#2679,#2680,#2681,#2682));
#452=EDGE_LOOP('',(#2683,#2684,#2685,#2686));
#453=EDGE_LOOP('',(#2687,#2688,#2689,#2690));
#454=EDGE_LOOP('',(#2691,#2692,#2693,#2694,#2695,#2696));
#455=EDGE_LOOP('',(#2697,#2698,#2699,#2700));
#456=EDGE_LOOP('',(#2701,#2702,#2703,#2704));
#457=EDGE_LOOP('',(#2705,#2706,#2707,#2708));
#458=EDGE_LOOP('',(#2709,#2710,#2711,#2712));
#459=EDGE_LOOP('',(#2713,#2714,#2715,#2716,#2717,#2718,#2719,#2720));
#460=EDGE_LOOP('',(#2721,#2722,#2723,#2724,#2725,#2726,#2727,#2728));
#461=EDGE_LOOP('',(#2729,#2730,#2731,#2732));
#462=EDGE_LOOP('',(#2733,#2734,#2735,#2736));
#463=EDGE_LOOP('',(#2737,#2738,#2739,#2740,#2741,#2742,#2743,#2744));
#464=EDGE_LOOP('',(#2745,#2746,#2747,#2748));
#465=EDGE_LOOP('',(#2749,#2750,#2751,#2752));
#466=EDGE_LOOP('',(#2753,#2754,#2755,#2756));
#467=EDGE_LOOP('',(#2757,#2758,#2759,#2760));
#468=EDGE_LOOP('',(#2761,#2762,#2763,#2764));
#469=EDGE_LOOP('',(#2765,#2766,#2767,#2768));
#470=EDGE_LOOP('',(#2769,#2770,#2771,#2772));
#471=EDGE_LOOP('',(#2773,#2774,#2775,#2776));
#472=EDGE_LOOP('',(#2777,#2778,#2779,#2780));
#473=EDGE_LOOP('',(#2781,#2782,#2783,#2784,#2785,#2786));
#474=EDGE_LOOP('',(#2787,#2788,#2789,#2790,#2791,#2792,#2793,#2794));
#475=EDGE_LOOP('',(#2795,#2796,#2797,#2798));
#476=EDGE_LOOP('',(#2799,#2800,#2801,#2802));
#477=EDGE_LOOP('',(#2803,#2804,#2805,#2806));
#478=EDGE_LOOP('',(#2807,#2808,#2809,#2810));
#479=EDGE_LOOP('',(#2811,#2812,#2813,#2814));
#480=EDGE_LOOP('',(#2815,#2816,#2817,#2818));
#481=EDGE_LOOP('',(#2819,#2820,#2821,#2822));
#482=EDGE_LOOP('',(#2823,#2824,#2825,#2826));
#483=EDGE_LOOP('',(#2827,#2828,#2829,#2830));
#484=EDGE_LOOP('',(#2831,#2832,#2833,#2834));
#485=EDGE_LOOP('',(#2835,#2836,#2837,#2838));
#486=EDGE_LOOP('',(#2839,#2840,#2841,#2842));
#487=EDGE_LOOP('',(#2843,#2844,#2845,#2846));
#488=EDGE_LOOP('',(#2847,#2848,#2849,#2850));
#489=EDGE_LOOP('',(#2851,#2852,#2853,#2854));
#490=EDGE_LOOP('',(#2855,#2856,#2857,#2858));
#491=EDGE_LOOP('',(#2859,#2860,#2861,#2862));
#492=EDGE_LOOP('',(#2863,#2864,#2865,#2866));
#493=EDGE_LOOP('',(#2867,#2868,#2869,#2870));
#494=EDGE_LOOP('',(#2871,#2872,#2873,#2874,#2875,#2876,#2877,#2878));
#495=EDGE_LOOP('',(#2879,#2880,#2881,#2882));
#496=EDGE_LOOP('',(#2883,#2884,#2885,#2886));
#497=EDGE_LOOP('',(#2887,#2888,#2889,#2890));
#498=EDGE_LOOP('',(#2891,#2892,#2893,#2894));
#499=EDGE_LOOP('',(#2895,#2896,#2897,#2898));
#500=EDGE_LOOP('',(#2899,#2900,#2901,#2902));
#501=EDGE_LOOP('',(#2903,#2904,#2905,#2906));
#502=EDGE_LOOP('',(#2907,#2908,#2909,#2910));
#503=EDGE_LOOP('',(#2911,#2912,#2913,#2914,#2915,#2916));
#504=LINE('',#4355,#887);
#505=LINE('',#4357,#888);
#506=LINE('',#4359,#889);
#507=LINE('',#4361,#890);
#508=LINE('',#4363,#891);
#509=LINE('',#4364,#892);
#510=LINE('',#4368,#893);
#511=LINE('',#4370,#894);
#512=LINE('',#4372,#895);
#513=LINE('',#4374,#896);
#514=LINE('',#4376,#897);
#515=LINE('',#4377,#898);
#516=LINE('',#4380,#899);
#517=LINE('',#4382,#900);
#518=LINE('',#4383,#901);
#519=LINE('',#4386,#902);
#520=LINE('',#4387,#903);
#521=LINE('',#4390,#904);
#522=LINE('',#4391,#905);
#523=LINE('',#4394,#906);
#524=LINE('',#4396,#907);
#525=LINE('',#4397,#908);
#526=LINE('',#4400,#909);
#527=LINE('',#4401,#910);
#528=LINE('',#4404,#911);
#529=LINE('',#4405,#912);
#530=LINE('',#4409,#913);
#531=LINE('',#4411,#914);
#532=LINE('',#4413,#915);
#533=LINE('',#4414,#916);
#534=LINE('',#4416,#917);
#535=LINE('',#4417,#918);
#536=LINE('',#4421,#919);
#537=LINE('',#4423,#920);
#538=LINE('',#4425,#921);
#539=LINE('',#4426,#922);
#540=LINE('',#4428,#923);
#541=LINE('',#4429,#924);
#542=LINE('',#4432,#925);
#543=LINE('',#4434,#926);
#544=LINE('',#4436,#927);
#545=LINE('',#4438,#928);
#546=LINE('',#4440,#929);
#547=LINE('',#4441,#930);
#548=LINE('',#4444,#931);
#549=LINE('',#4445,#932);
#550=LINE('',#4448,#933);
#551=LINE('',#4449,#934);
#552=LINE('',#4452,#935);
#553=LINE('',#4454,#936);
#554=LINE('',#4455,#937);
#555=LINE('',#4458,#938);
#556=LINE('',#4459,#939);
#557=LINE('',#4462,#940);
#558=LINE('',#4464,#941);
#559=LINE('',#4466,#942);
#560=LINE('',#4468,#943);
#561=LINE('',#4469,#944);
#562=LINE('',#4472,#945);
#563=LINE('',#4474,#946);
#564=LINE('',#4476,#947);
#565=LINE('',#4478,#948);
#566=LINE('',#4479,#949);
#567=LINE('',#4480,#950);
#568=LINE('',#4483,#951);
#569=LINE('',#4484,#952);
#570=LINE('',#4487,#953);
#571=LINE('',#4488,#954);
#572=LINE('',#4491,#955);
#573=LINE('',#4492,#956);
#574=LINE('',#4494,#957);
#575=LINE('',#4495,#958);
#576=LINE('',#4498,#959);
#577=LINE('',#4499,#960);
#578=LINE('',#4501,#961);
#579=LINE('',#4503,#962);
#580=LINE('',#4505,#963);
#581=LINE('',#4507,#964);
#582=LINE('',#4508,#965);
#583=LINE('',#4512,#966);
#584=LINE('',#4514,#967);
#585=LINE('',#4516,#968);
#586=LINE('',#4517,#969);
#587=LINE('',#4520,#970);
#588=LINE('',#4522,#971);
#589=LINE('',#4523,#972);
#590=LINE('',#4526,#973);
#591=LINE('',#4527,#974);
#592=LINE('',#4530,#975);
#593=LINE('',#4531,#976);
#594=LINE('',#4533,#977);
#595=LINE('',#4536,#978);
#596=LINE('',#4538,#979);
#597=LINE('',#4539,#980);
#598=LINE('',#4542,#981);
#599=LINE('',#4544,#982);
#600=LINE('',#4545,#983);
#601=LINE('',#4549,#984);
#602=LINE('',#4551,#985);
#603=LINE('',#4552,#986);
#604=LINE('',#4555,#987);
#605=LINE('',#4557,#988);
#606=LINE('',#4558,#989);
#607=LINE('',#4561,#990);
#608=LINE('',#4563,#991);
#609=LINE('',#4564,#992);
#610=LINE('',#4567,#993);
#611=LINE('',#4569,#994);
#612=LINE('',#4570,#995);
#613=LINE('',#4573,#996);
#614=LINE('',#4575,#997);
#615=LINE('',#4576,#998);
#616=LINE('',#4579,#999);
#617=LINE('',#4581,#1000);
#618=LINE('',#4582,#1001);
#619=LINE('',#4584,#1002);
#620=LINE('',#4585,#1003);
#621=LINE('',#4594,#1004);
#622=LINE('',#4596,#1005);
#623=LINE('',#4598,#1006);
#624=LINE('',#4599,#1007);
#625=LINE('',#4602,#1008);
#626=LINE('',#4604,#1009);
#627=LINE('',#4606,#1010);
#628=LINE('',#4608,#1011);
#629=LINE('',#4609,#1012);
#630=LINE('',#4612,#1013);
#631=LINE('',#4614,#1014);
#632=LINE('',#4616,#1015);
#633=LINE('',#4618,#1016);
#634=LINE('',#4619,#1017);
#635=LINE('',#4621,#1018);
#636=LINE('',#4622,#1019);
#637=LINE('',#4625,#1020);
#638=LINE('',#4627,#1021);
#639=LINE('',#4629,#1022);
#640=LINE('',#4631,#1023);
#641=LINE('',#4632,#1024);
#642=LINE('',#4635,#1025);
#643=LINE('',#4636,#1026);
#644=LINE('',#4640,#1027);
#645=LINE('',#4642,#1028);
#646=LINE('',#4644,#1029);
#647=LINE('',#4645,#1030);
#648=LINE('',#4649,#1031);
#649=LINE('',#4650,#1032);
#650=LINE('',#4651,#1033);
#651=LINE('',#4655,#1034);
#652=LINE('',#4657,#1035);
#653=LINE('',#4659,#1036);
#654=LINE('',#4660,#1037);
#655=LINE('',#4663,#1038);
#656=LINE('',#4665,#1039);
#657=LINE('',#4666,#1040);
#658=LINE('',#4670,#1041);
#659=LINE('',#4672,#1042);
#660=LINE('',#4674,#1043);
#661=LINE('',#4675,#1044);
#662=LINE('',#4676,#1045);
#663=LINE('',#4678,#1046);
#664=LINE('',#4680,#1047);
#665=LINE('',#4681,#1048);
#666=LINE('',#4689,#1049);
#667=LINE('',#4695,#1050);
#668=LINE('',#4699,#1051);
#669=LINE('',#4703,#1052);
#670=LINE('',#4709,#1053);
#671=LINE('',#4715,#1054);
#672=LINE('',#4719,#1055);
#673=LINE('',#4722,#1056);
#674=LINE('',#4725,#1057);
#675=LINE('',#4729,#1058);
#676=LINE('',#4733,#1059);
#677=LINE('',#4737,#1060);
#678=LINE('',#4741,#1061);
#679=LINE('',#4745,#1062);
#680=LINE('',#4749,#1063);
#681=LINE('',#4753,#1064);
#682=LINE('',#4757,#1065);
#683=LINE('',#4761,#1066);
#684=LINE('',#4765,#1067);
#685=LINE('',#4769,#1068);
#686=LINE('',#4773,#1069);
#687=LINE('',#4775,#1070);
#688=LINE('',#4776,#1071);
#689=LINE('',#4779,#1072);
#690=LINE('',#4783,#1073);
#691=LINE('',#4784,#1074);
#692=LINE('',#4787,#1075);
#693=LINE('',#4791,#1076);
#694=LINE('',#4793,#1077);
#695=LINE('',#4794,#1078);
#696=LINE('',#4797,#1079);
#697=LINE('',#4801,#1080);
#698=LINE('',#4802,#1081);
#699=LINE('',#4805,#1082);
#700=LINE('',#4809,#1083);
#701=LINE('',#4811,#1084);
#702=LINE('',#4812,#1085);
#703=LINE('',#4815,#1086);
#704=LINE('',#4819,#1087);
#705=LINE('',#4820,#1088);
#706=LINE('',#4823,#1089);
#707=LINE('',#4827,#1090);
#708=LINE('',#4830,#1091);
#709=LINE('',#4833,#1092);
#710=LINE('',#4837,#1093);
#711=LINE('',#4838,#1094);
#712=LINE('',#4841,#1095);
#713=LINE('',#4845,#1096);
#714=LINE('',#4846,#1097);
#715=LINE('',#4849,#1098);
#716=LINE('',#4853,#1099);
#717=LINE('',#4854,#1100);
#718=LINE('',#4857,#1101);
#719=LINE('',#4861,#1102);
#720=LINE('',#4865,#1103);
#721=LINE('',#4866,#1104);
#722=LINE('',#4869,#1105);
#723=LINE('',#4872,#1106);
#724=LINE('',#4875,#1107);
#725=LINE('',#4878,#1108);
#726=LINE('',#4881,#1109);
#727=LINE('',#4882,#1110);
#728=LINE('',#4889,#1111);
#729=LINE('',#4890,#1112);
#730=LINE('',#4894,#1113);
#731=LINE('',#4897,#1114);
#732=LINE('',#4898,#1115);
#733=LINE('',#4901,#1116);
#734=LINE('',#4902,#1117);
#735=LINE('',#4907,#1118);
#736=LINE('',#4908,#1119);
#737=LINE('',#4909,#1120);
#738=LINE('',#4911,#1121);
#739=LINE('',#4913,#1122);
#740=LINE('',#4915,#1123);
#741=LINE('',#4916,#1124);
#742=LINE('',#4920,#1125);
#743=LINE('',#4921,#1126);
#744=LINE('',#4922,#1127);
#745=LINE('',#4924,#1128);
#746=LINE('',#4925,#1129);
#747=LINE('',#4927,#1130);
#748=LINE('',#4933,#1131);
#749=LINE('',#4934,#1132);
#750=LINE('',#4938,#1133);
#751=LINE('',#4941,#1134);
#752=LINE('',#4942,#1135);
#753=LINE('',#4947,#1136);
#754=LINE('',#4948,#1137);
#755=LINE('',#4952,#1138);
#756=LINE('',#4955,#1139);
#757=LINE('',#4956,#1140);
#758=LINE('',#4961,#1141);
#759=LINE('',#4962,#1142);
#760=LINE('',#4966,#1143);
#761=LINE('',#4969,#1144);
#762=LINE('',#4970,#1145);
#763=LINE('',#4975,#1146);
#764=LINE('',#4977,#1147);
#765=LINE('',#4978,#1148);
#766=LINE('',#4981,#1149);
#767=LINE('',#4983,#1150);
#768=LINE('',#4985,#1151);
#769=LINE('',#4987,#1152);
#770=LINE('',#4989,#1153);
#771=LINE('',#4990,#1154);
#772=LINE('',#4994,#1155);
#773=LINE('',#4995,#1156);
#774=LINE('',#4996,#1157);
#775=LINE('',#4999,#1158);
#776=LINE('',#5001,#1159);
#777=LINE('',#5002,#1160);
#778=LINE('',#5004,#1161);
#779=LINE('',#5005,#1162);
#780=LINE('',#5007,#1163);
#781=LINE('',#5013,#1164);
#782=LINE('',#5017,#1165);
#783=LINE('',#5021,#1166);
#784=LINE('',#5023,#1167);
#785=LINE('',#5025,#1168);
#786=LINE('',#5026,#1169);
#787=LINE('',#5029,#1170);
#788=LINE('',#5030,#1171);
#789=LINE('',#5034,#1172);
#790=LINE('',#5036,#1173);
#791=LINE('',#5038,#1174);
#792=LINE('',#5040,#1175);
#793=LINE('',#5042,#1176);
#794=LINE('',#5044,#1177);
#795=LINE('',#5046,#1178);
#796=LINE('',#5047,#1179);
#797=LINE('',#5050,#1180);
#798=LINE('',#5052,#1181);
#799=LINE('',#5053,#1182);
#800=LINE('',#5056,#1183);
#801=LINE('',#5058,#1184);
#802=LINE('',#5059,#1185);
#803=LINE('',#5062,#1186);
#804=LINE('',#5063,#1187);
#805=LINE('',#5068,#1188);
#806=LINE('',#5070,#1189);
#807=LINE('',#5072,#1190);
#808=LINE('',#5073,#1191);
#809=LINE('',#5077,#1192);
#810=LINE('',#5079,#1193);
#811=LINE('',#5081,#1194);
#812=LINE('',#5082,#1195);
#813=LINE('',#5084,#1196);
#814=LINE('',#5085,#1197);
#815=LINE('',#5087,#1198);
#816=LINE('',#5089,#1199);
#817=LINE('',#5091,#1200);
#818=LINE('',#5092,#1201);
#819=LINE('',#5094,#1202);
#820=LINE('',#5098,#1203);
#821=LINE('',#5100,#1204);
#822=LINE('',#5101,#1205);
#823=LINE('',#5103,#1206);
#824=LINE('',#5105,#1207);
#825=LINE('',#5109,#1208);
#826=LINE('',#5111,#1209);
#827=LINE('',#5113,#1210);
#828=LINE('',#5114,#1211);
#829=LINE('',#5116,#1212);
#830=LINE('',#5117,#1213);
#831=LINE('',#5119,#1214);
#832=LINE('',#5121,#1215);
#833=LINE('',#5128,#1216);
#834=LINE('',#5131,#1217);
#835=LINE('',#5134,#1218);
#836=LINE('',#5138,#1219);
#837=LINE('',#5140,#1220);
#838=LINE('',#5141,#1221);
#839=LINE('',#5144,#1222);
#840=LINE('',#5148,#1223);
#841=LINE('',#5152,#1224);
#842=LINE('',#5156,#1225);
#843=LINE('',#5160,#1226);
#844=LINE('',#5161,#1227);
#845=LINE('',#5165,#1228);
#846=LINE('',#5169,#1229);
#847=LINE('',#5171,#1230);
#848=LINE('',#5173,#1231);
#849=LINE('',#5174,#1232);
#850=LINE('',#5177,#1233);
#851=LINE('',#5179,#1234);
#852=LINE('',#5180,#1235);
#853=LINE('',#5183,#1236);
#854=LINE('',#5185,#1237);
#855=LINE('',#5186,#1238);
#856=LINE('',#5188,#1239);
#857=LINE('',#5189,#1240);
#858=LINE('',#5194,#1241);
#859=LINE('',#5198,#1242);
#860=LINE('',#5202,#1243);
#861=LINE('',#5204,#1244);
#862=LINE('',#5205,#1245);
#863=LINE('',#5209,#1246);
#864=LINE('',#5214,#1247);
#865=LINE('',#5216,#1248);
#866=LINE('',#5217,#1249);
#867=LINE('',#5221,#1250);
#868=LINE('',#5226,#1251);
#869=LINE('',#5228,#1252);
#870=LINE('',#5229,#1253);
#871=LINE('',#5233,#1254);
#872=LINE('',#5237,#1255);
#873=LINE('',#5238,#1256);
#874=LINE('',#5240,#1257);
#875=LINE('',#5241,#1258);
#876=LINE('',#5243,#1259);
#877=LINE('',#5245,#1260);
#878=LINE('',#5247,#1261);
#879=LINE('',#5250,#1262);
#880=LINE('',#5252,#1263);
#881=LINE('',#5254,#1264);
#882=LINE('',#5258,#1265);
#883=LINE('',#5259,#1266);
#884=LINE('',#5262,#1267);
#885=LINE('',#5263,#1268);
#886=LINE('',#5265,#1269);
#887=VECTOR('',#3489,10.);
#888=VECTOR('',#3490,10.);
#889=VECTOR('',#3491,10.);
#890=VECTOR('',#3492,10.);
#891=VECTOR('',#3493,10.);
#892=VECTOR('',#3494,10.);
#893=VECTOR('',#3497,10.);
#894=VECTOR('',#3498,10.);
#895=VECTOR('',#3499,10.);
#896=VECTOR('',#3500,10.);
#897=VECTOR('',#3501,10.);
#898=VECTOR('',#3502,10.);
#899=VECTOR('',#3505,10.);
#900=VECTOR('',#3506,10.);
#901=VECTOR('',#3507,10.);
#902=VECTOR('',#3510,10.);
#903=VECTOR('',#3511,10.);
#904=VECTOR('',#3514,10.);
#905=VECTOR('',#3515,10.);
#906=VECTOR('',#3518,10.);
#907=VECTOR('',#3519,10.);
#908=VECTOR('',#3520,10.);
#909=VECTOR('',#3523,10.);
#910=VECTOR('',#3524,10.);
#911=VECTOR('',#3527,10.);
#912=VECTOR('',#3528,10.);
#913=VECTOR('',#3531,10.);
#914=VECTOR('',#3532,10.);
#915=VECTOR('',#3533,10.);
#916=VECTOR('',#3534,10.);
#917=VECTOR('',#3537,10.);
#918=VECTOR('',#3538,10.);
#919=VECTOR('',#3541,10.);
#920=VECTOR('',#3542,10.);
#921=VECTOR('',#3543,10.);
#922=VECTOR('',#3544,10.);
#923=VECTOR('',#3547,10.);
#924=VECTOR('',#3548,10.);
#925=VECTOR('',#3551,10.);
#926=VECTOR('',#3552,10.);
#927=VECTOR('',#3553,10.);
#928=VECTOR('',#3554,10.);
#929=VECTOR('',#3555,10.);
#930=VECTOR('',#3556,10.);
#931=VECTOR('',#3559,10.);
#932=VECTOR('',#3560,10.);
#933=VECTOR('',#3563,10.);
#934=VECTOR('',#3564,10.);
#935=VECTOR('',#3567,10.);
#936=VECTOR('',#3568,10.);
#937=VECTOR('',#3569,10.);
#938=VECTOR('',#3572,10.);
#939=VECTOR('',#3573,10.);
#940=VECTOR('',#3576,10.);
#941=VECTOR('',#3577,10.);
#942=VECTOR('',#3578,10.);
#943=VECTOR('',#3579,10.);
#944=VECTOR('',#3580,10.);
#945=VECTOR('',#3583,10.);
#946=VECTOR('',#3584,10.);
#947=VECTOR('',#3585,10.);
#948=VECTOR('',#3586,10.);
#949=VECTOR('',#3587,10.);
#950=VECTOR('',#3588,10.);
#951=VECTOR('',#3591,10.);
#952=VECTOR('',#3592,10.);
#953=VECTOR('',#3595,10.);
#954=VECTOR('',#3596,10.);
#955=VECTOR('',#3599,10.);
#956=VECTOR('',#3600,10.);
#957=VECTOR('',#3603,10.);
#958=VECTOR('',#3604,10.);
#959=VECTOR('',#3607,10.);
#960=VECTOR('',#3608,10.);
#961=VECTOR('',#3611,10.);
#962=VECTOR('',#3614,10.);
#963=VECTOR('',#3617,10.);
#964=VECTOR('',#3620,10.);
#965=VECTOR('',#3621,10.);
#966=VECTOR('',#3624,10.);
#967=VECTOR('',#3625,10.);
#968=VECTOR('',#3626,10.);
#969=VECTOR('',#3627,10.);
#970=VECTOR('',#3630,10.);
#971=VECTOR('',#3631,10.);
#972=VECTOR('',#3632,10.);
#973=VECTOR('',#3635,10.);
#974=VECTOR('',#3636,10.);
#975=VECTOR('',#3639,10.);
#976=VECTOR('',#3640,10.);
#977=VECTOR('',#3643,10.);
#978=VECTOR('',#3646,10.);
#979=VECTOR('',#3647,10.);
#980=VECTOR('',#3648,10.);
#981=VECTOR('',#3651,10.);
#982=VECTOR('',#3652,10.);
#983=VECTOR('',#3653,10.);
#984=VECTOR('',#3658,10.);
#985=VECTOR('',#3659,10.);
#986=VECTOR('',#3660,10.);
#987=VECTOR('',#3663,10.);
#988=VECTOR('',#3664,10.);
#989=VECTOR('',#3665,10.);
#990=VECTOR('',#3668,10.);
#991=VECTOR('',#3669,10.);
#992=VECTOR('',#3670,10.);
#993=VECTOR('',#3673,10.);
#994=VECTOR('',#3674,10.);
#995=VECTOR('',#3675,10.);
#996=VECTOR('',#3678,10.);
#997=VECTOR('',#3679,10.);
#998=VECTOR('',#3680,10.);
#999=VECTOR('',#3683,10.);
#1000=VECTOR('',#3684,10.);
#1001=VECTOR('',#3685,10.);
#1002=VECTOR('',#3688,10.);
#1003=VECTOR('',#3689,10.);
#1004=VECTOR('',#3702,10.);
#1005=VECTOR('',#3703,10.);
#1006=VECTOR('',#3704,10.);
#1007=VECTOR('',#3705,10.);
#1008=VECTOR('',#3708,10.);
#1009=VECTOR('',#3709,10.);
#1010=VECTOR('',#3710,10.);
#1011=VECTOR('',#3711,10.);
#1012=VECTOR('',#3712,10.);
#1013=VECTOR('',#3715,10.);
#1014=VECTOR('',#3716,10.);
#1015=VECTOR('',#3717,10.);
#1016=VECTOR('',#3718,10.);
#1017=VECTOR('',#3719,10.);
#1018=VECTOR('',#3722,10.);
#1019=VECTOR('',#3723,10.);
#1020=VECTOR('',#3726,10.);
#1021=VECTOR('',#3727,10.);
#1022=VECTOR('',#3728,10.);
#1023=VECTOR('',#3729,10.);
#1024=VECTOR('',#3730,10.);
#1025=VECTOR('',#3733,10.);
#1026=VECTOR('',#3734,10.);
#1027=VECTOR('',#3737,10.);
#1028=VECTOR('',#3738,10.);
#1029=VECTOR('',#3739,10.);
#1030=VECTOR('',#3740,10.);
#1031=VECTOR('',#3743,10.);
#1032=VECTOR('',#3744,10.);
#1033=VECTOR('',#3745,10.);
#1034=VECTOR('',#3748,10.);
#1035=VECTOR('',#3749,10.);
#1036=VECTOR('',#3750,10.);
#1037=VECTOR('',#3751,10.);
#1038=VECTOR('',#3754,10.);
#1039=VECTOR('',#3755,10.);
#1040=VECTOR('',#3756,10.);
#1041=VECTOR('',#3759,10.);
#1042=VECTOR('',#3760,10.);
#1043=VECTOR('',#3761,10.);
#1044=VECTOR('',#3762,10.);
#1045=VECTOR('',#3763,10.);
#1046=VECTOR('',#3764,10.);
#1047=VECTOR('',#3765,10.);
#1048=VECTOR('',#3766,10.);
#1049=VECTOR('',#3773,10.);
#1050=VECTOR('',#3778,10.);
#1051=VECTOR('',#3781,10.);
#1052=VECTOR('',#3784,10.);
#1053=VECTOR('',#3789,10.);
#1054=VECTOR('',#3794,10.);
#1055=VECTOR('',#3797,10.);
#1056=VECTOR('',#3800,10.);
#1057=VECTOR('',#3801,10.);
#1058=VECTOR('',#3804,10.);
#1059=VECTOR('',#3807,10.);
#1060=VECTOR('',#3810,10.);
#1061=VECTOR('',#3813,10.);
#1062=VECTOR('',#3816,10.);
#1063=VECTOR('',#3819,10.);
#1064=VECTOR('',#3822,10.);
#1065=VECTOR('',#3825,10.);
#1066=VECTOR('',#3828,10.);
#1067=VECTOR('',#3831,10.);
#1068=VECTOR('',#3834,10.);
#1069=VECTOR('',#3839,10.);
#1070=VECTOR('',#3840,10.);
#1071=VECTOR('',#3841,10.);
#1072=VECTOR('',#3844,10.);
#1073=VECTOR('',#3849,10.);
#1074=VECTOR('',#3850,10.);
#1075=VECTOR('',#3853,10.);
#1076=VECTOR('',#3858,10.);
#1077=VECTOR('',#3859,10.);
#1078=VECTOR('',#3860,10.);
#1079=VECTOR('',#3863,10.);
#1080=VECTOR('',#3868,10.);
#1081=VECTOR('',#3869,10.);
#1082=VECTOR('',#3872,10.);
#1083=VECTOR('',#3877,10.);
#1084=VECTOR('',#3878,10.);
#1085=VECTOR('',#3879,10.);
#1086=VECTOR('',#3882,10.);
#1087=VECTOR('',#3887,10.);
#1088=VECTOR('',#3888,10.);
#1089=VECTOR('',#3891,10.);
#1090=VECTOR('',#3896,10.);
#1091=VECTOR('',#3899,10.);
#1092=VECTOR('',#3902,10.);
#1093=VECTOR('',#3907,10.);
#1094=VECTOR('',#3908,10.);
#1095=VECTOR('',#3911,10.);
#1096=VECTOR('',#3916,10.);
#1097=VECTOR('',#3917,10.);
#1098=VECTOR('',#3920,10.);
#1099=VECTOR('',#3925,10.);
#1100=VECTOR('',#3926,10.);
#1101=VECTOR('',#3929,10.);
#1102=VECTOR('',#3934,10.);
#1103=VECTOR('',#3939,10.);
#1104=VECTOR('',#3940,10.);
#1105=VECTOR('',#3943,10.);
#1106=VECTOR('',#3946,10.);
#1107=VECTOR('',#3949,10.);
#1108=VECTOR('',#3952,10.);
#1109=VECTOR('',#3955,10.);
#1110=VECTOR('',#3956,10.);
#1111=VECTOR('',#3967,10.);
#1112=VECTOR('',#3968,10.);
#1113=VECTOR('',#3973,10.);
#1114=VECTOR('',#3976,10.);
#1115=VECTOR('',#3977,10.);
#1116=VECTOR('',#3980,10.);
#1117=VECTOR('',#3981,10.);
#1118=VECTOR('',#3988,10.);
#1119=VECTOR('',#3989,10.);
#1120=VECTOR('',#3990,10.);
#1121=VECTOR('',#3993,10.);
#1122=VECTOR('',#3994,10.);
#1123=VECTOR('',#3995,10.);
#1124=VECTOR('',#3996,10.);
#1125=VECTOR('',#3999,10.);
#1126=VECTOR('',#4000,10.);
#1127=VECTOR('',#4001,10.);
#1128=VECTOR('',#4004,10.);
#1129=VECTOR('',#4005,10.);
#1130=VECTOR('',#4008,10.);
#1131=VECTOR('',#4017,10.);
#1132=VECTOR('',#4018,10.);
#1133=VECTOR('',#4023,10.);
#1134=VECTOR('',#4026,10.);
#1135=VECTOR('',#4027,10.);
#1136=VECTOR('',#4034,10.);
#1137=VECTOR('',#4035,10.);
#1138=VECTOR('',#4040,10.);
#1139=VECTOR('',#4043,10.);
#1140=VECTOR('',#4044,10.);
#1141=VECTOR('',#4051,10.);
#1142=VECTOR('',#4052,10.);
#1143=VECTOR('',#4057,10.);
#1144=VECTOR('',#4060,10.);
#1145=VECTOR('',#4061,10.);
#1146=VECTOR('',#4068,10.);
#1147=VECTOR('',#4069,10.);
#1148=VECTOR('',#4070,10.);
#1149=VECTOR('',#4073,10.);
#1150=VECTOR('',#4074,10.);
#1151=VECTOR('',#4075,10.);
#1152=VECTOR('',#4076,10.);
#1153=VECTOR('',#4077,10.);
#1154=VECTOR('',#4078,10.);
#1155=VECTOR('',#4081,10.);
#1156=VECTOR('',#4082,10.);
#1157=VECTOR('',#4083,10.);
#1158=VECTOR('',#4086,10.);
#1159=VECTOR('',#4087,10.);
#1160=VECTOR('',#4088,10.);
#1161=VECTOR('',#4089,10.);
#1162=VECTOR('',#4090,10.);
#1163=VECTOR('',#4093,10.);
#1164=VECTOR('',#4100,10.);
#1165=VECTOR('',#4105,10.);
#1166=VECTOR('',#4108,10.);
#1167=VECTOR('',#4109,10.);
#1168=VECTOR('',#4110,10.);
#1169=VECTOR('',#4111,10.);
#1170=VECTOR('',#4114,10.);
#1171=VECTOR('',#4115,10.);
#1172=VECTOR('',#4118,10.);
#1173=VECTOR('',#4119,10.);
#1174=VECTOR('',#4120,10.);
#1175=VECTOR('',#4121,10.);
#1176=VECTOR('',#4122,10.);
#1177=VECTOR('',#4123,10.);
#1178=VECTOR('',#4124,10.);
#1179=VECTOR('',#4125,10.);
#1180=VECTOR('',#4128,10.);
#1181=VECTOR('',#4129,10.);
#1182=VECTOR('',#4130,10.);
#1183=VECTOR('',#4133,10.);
#1184=VECTOR('',#4134,10.);
#1185=VECTOR('',#4135,10.);
#1186=VECTOR('',#4140,10.);
#1187=VECTOR('',#4141,10.);
#1188=VECTOR('',#4146,10.);
#1189=VECTOR('',#4147,10.);
#1190=VECTOR('',#4148,10.);
#1191=VECTOR('',#4149,10.);
#1192=VECTOR('',#4152,10.);
#1193=VECTOR('',#4153,10.);
#1194=VECTOR('',#4154,10.);
#1195=VECTOR('',#4155,10.);
#1196=VECTOR('',#4158,10.);
#1197=VECTOR('',#4159,10.);
#1198=VECTOR('',#4162,10.);
#1199=VECTOR('',#4163,10.);
#1200=VECTOR('',#4164,10.);
#1201=VECTOR('',#4165,10.);
#1202=VECTOR('',#4168,10.);
#1203=VECTOR('',#4173,10.);
#1204=VECTOR('',#4174,10.);
#1205=VECTOR('',#4175,10.);
#1206=VECTOR('',#4178,10.);
#1207=VECTOR('',#4181,10.);
#1208=VECTOR('',#4184,10.);
#1209=VECTOR('',#4185,10.);
#1210=VECTOR('',#4186,10.);
#1211=VECTOR('',#4187,10.);
#1212=VECTOR('',#4190,10.);
#1213=VECTOR('',#4191,10.);
#1214=VECTOR('',#4194,10.);
#1215=VECTOR('',#4197,10.);
#1216=VECTOR('',#4204,10.);
#1217=VECTOR('',#4207,10.);
#1218=VECTOR('',#4210,10.);
#1219=VECTOR('',#4213,10.);
#1220=VECTOR('',#4214,10.);
#1221=VECTOR('',#4215,10.);
#1222=VECTOR('',#4216,10.);
#1223=VECTOR('',#4219,10.);
#1224=VECTOR('',#4222,10.);
#1225=VECTOR('',#4225,10.);
#1226=VECTOR('',#4230,10.);
#1227=VECTOR('',#4231,10.);
#1228=VECTOR('',#4236,10.);
#1229=VECTOR('',#4239,10.);
#1230=VECTOR('',#4240,10.);
#1231=VECTOR('',#4241,10.);
#1232=VECTOR('',#4242,10.);
#1233=VECTOR('',#4245,10.);
#1234=VECTOR('',#4246,10.);
#1235=VECTOR('',#4247,10.);
#1236=VECTOR('',#4250,10.);
#1237=VECTOR('',#4251,10.);
#1238=VECTOR('',#4252,10.);
#1239=VECTOR('',#4255,10.);
#1240=VECTOR('',#4256,10.);
#1241=VECTOR('',#4261,10.);
#1242=VECTOR('',#4264,10.);
#1243=VECTOR('',#4269,10.);
#1244=VECTOR('',#4270,10.);
#1245=VECTOR('',#4271,10.);
#1246=VECTOR('',#4274,10.);
#1247=VECTOR('',#4281,10.);
#1248=VECTOR('',#4282,10.);
#1249=VECTOR('',#4283,10.);
#1250=VECTOR('',#4286,10.);
#1251=VECTOR('',#4293,10.);
#1252=VECTOR('',#4294,10.);
#1253=VECTOR('',#4295,10.);
#1254=VECTOR('',#4298,10.);
#1255=VECTOR('',#4305,10.);
#1256=VECTOR('',#4306,10.);
#1257=VECTOR('',#4309,10.);
#1258=VECTOR('',#4310,10.);
#1259=VECTOR('',#4313,10.);
#1260=VECTOR('',#4316,10.);
#1261=VECTOR('',#4319,10.);
#1262=VECTOR('',#4324,10.);
#1263=VECTOR('',#4327,10.);
#1264=VECTOR('',#4330,10.);
#1265=VECTOR('',#4335,10.);
#1266=VECTOR('',#4336,10.);
#1267=VECTOR('',#4339,10.);
#1268=VECTOR('',#4340,10.);
#1269=VECTOR('',#4343,10.);
#1270=VERTEX_POINT('',#4353);
#1271=VERTEX_POINT('',#4354);
#1272=VERTEX_POINT('',#4356);
#1273=VERTEX_POINT('',#4358);
#1274=VERTEX_POINT('',#4360);
#1275=VERTEX_POINT('',#4362);
#1276=VERTEX_POINT('',#4366);
#1277=VERTEX_POINT('',#4367);
#1278=VERTEX_POINT('',#4369);
#1279=VERTEX_POINT('',#4371);
#1280=VERTEX_POINT('',#4373);
#1281=VERTEX_POINT('',#4375);
#1282=VERTEX_POINT('',#4379);
#1283=VERTEX_POINT('',#4381);
#1284=VERTEX_POINT('',#4385);
#1285=VERTEX_POINT('',#4389);
#1286=VERTEX_POINT('',#4393);
#1287=VERTEX_POINT('',#4395);
#1288=VERTEX_POINT('',#4399);
#1289=VERTEX_POINT('',#4403);
#1290=VERTEX_POINT('',#4407);
#1291=VERTEX_POINT('',#4408);
#1292=VERTEX_POINT('',#4410);
#1293=VERTEX_POINT('',#4412);
#1294=VERTEX_POINT('',#4419);
#1295=VERTEX_POINT('',#4420);
#1296=VERTEX_POINT('',#4422);
#1297=VERTEX_POINT('',#4424);
#1298=VERTEX_POINT('',#4431);
#1299=VERTEX_POINT('',#4433);
#1300=VERTEX_POINT('',#4435);
#1301=VERTEX_POINT('',#4437);
#1302=VERTEX_POINT('',#4439);
#1303=VERTEX_POINT('',#4443);
#1304=VERTEX_POINT('',#4447);
#1305=VERTEX_POINT('',#4451);
#1306=VERTEX_POINT('',#4453);
#1307=VERTEX_POINT('',#4457);
#1308=VERTEX_POINT('',#4461);
#1309=VERTEX_POINT('',#4463);
#1310=VERTEX_POINT('',#4465);
#1311=VERTEX_POINT('',#4467);
#1312=VERTEX_POINT('',#4471);
#1313=VERTEX_POINT('',#4473);
#1314=VERTEX_POINT('',#4475);
#1315=VERTEX_POINT('',#4477);
#1316=VERTEX_POINT('',#4482);
#1317=VERTEX_POINT('',#4486);
#1318=VERTEX_POINT('',#4490);
#1319=VERTEX_POINT('',#4497);
#1320=VERTEX_POINT('',#4510);
#1321=VERTEX_POINT('',#4511);
#1322=VERTEX_POINT('',#4513);
#1323=VERTEX_POINT('',#4515);
#1324=VERTEX_POINT('',#4519);
#1325=VERTEX_POINT('',#4521);
#1326=VERTEX_POINT('',#4525);
#1327=VERTEX_POINT('',#4529);
#1328=VERTEX_POINT('',#4535);
#1329=VERTEX_POINT('',#4537);
#1330=VERTEX_POINT('',#4541);
#1331=VERTEX_POINT('',#4543);
#1332=VERTEX_POINT('',#4548);
#1333=VERTEX_POINT('',#4550);
#1334=VERTEX_POINT('',#4554);
#1335=VERTEX_POINT('',#4556);
#1336=VERTEX_POINT('',#4560);
#1337=VERTEX_POINT('',#4562);
#1338=VERTEX_POINT('',#4566);
#1339=VERTEX_POINT('',#4568);
#1340=VERTEX_POINT('',#4572);
#1341=VERTEX_POINT('',#4574);
#1342=VERTEX_POINT('',#4578);
#1343=VERTEX_POINT('',#4580);
#1344=VERTEX_POINT('',#4592);
#1345=VERTEX_POINT('',#4593);
#1346=VERTEX_POINT('',#4595);
#1347=VERTEX_POINT('',#4597);
#1348=VERTEX_POINT('',#4601);
#1349=VERTEX_POINT('',#4603);
#1350=VERTEX_POINT('',#4605);
#1351=VERTEX_POINT('',#4607);
#1352=VERTEX_POINT('',#4611);
#1353=VERTEX_POINT('',#4613);
#1354=VERTEX_POINT('',#4615);
#1355=VERTEX_POINT('',#4617);
#1356=VERTEX_POINT('',#4624);
#1357=VERTEX_POINT('',#4626);
#1358=VERTEX_POINT('',#4628);
#1359=VERTEX_POINT('',#4630);
#1360=VERTEX_POINT('',#4634);
#1361=VERTEX_POINT('',#4638);
#1362=VERTEX_POINT('',#4639);
#1363=VERTEX_POINT('',#4641);
#1364=VERTEX_POINT('',#4643);
#1365=VERTEX_POINT('',#4647);
#1366=VERTEX_POINT('',#4648);
#1367=VERTEX_POINT('',#4653);
#1368=VERTEX_POINT('',#4654);
#1369=VERTEX_POINT('',#4656);
#1370=VERTEX_POINT('',#4658);
#1371=VERTEX_POINT('',#4662);
#1372=VERTEX_POINT('',#4664);
#1373=VERTEX_POINT('',#4668);
#1374=VERTEX_POINT('',#4669);
#1375=VERTEX_POINT('',#4671);
#1376=VERTEX_POINT('',#4673);
#1377=VERTEX_POINT('',#4677);
#1378=VERTEX_POINT('',#4679);
#1379=VERTEX_POINT('',#4683);
#1380=VERTEX_POINT('',#4684);
#1381=VERTEX_POINT('',#4686);
#1382=VERTEX_POINT('',#4688);
#1383=VERTEX_POINT('',#4690);
#1384=VERTEX_POINT('',#4692);
#1385=VERTEX_POINT('',#4694);
#1386=VERTEX_POINT('',#4696);
#1387=VERTEX_POINT('',#4698);
#1388=VERTEX_POINT('',#4700);
#1389=VERTEX_POINT('',#4702);
#1390=VERTEX_POINT('',#4704);
#1391=VERTEX_POINT('',#4706);
#1392=VERTEX_POINT('',#4708);
#1393=VERTEX_POINT('',#4710);
#1394=VERTEX_POINT('',#4712);
#1395=VERTEX_POINT('',#4714);
#1396=VERTEX_POINT('',#4716);
#1397=VERTEX_POINT('',#4718);
#1398=VERTEX_POINT('',#4720);
#1399=VERTEX_POINT('',#4723);
#1400=VERTEX_POINT('',#4724);
#1401=VERTEX_POINT('',#4726);
#1402=VERTEX_POINT('',#4728);
#1403=VERTEX_POINT('',#4730);
#1404=VERTEX_POINT('',#4732);
#1405=VERTEX_POINT('',#4734);
#1406=VERTEX_POINT('',#4736);
#1407=VERTEX_POINT('',#4739);
#1408=VERTEX_POINT('',#4740);
#1409=VERTEX_POINT('',#4742);
#1410=VERTEX_POINT('',#4744);
#1411=VERTEX_POINT('',#4746);
#1412=VERTEX_POINT('',#4748);
#1413=VERTEX_POINT('',#4750);
#1414=VERTEX_POINT('',#4752);
#1415=VERTEX_POINT('',#4755);
#1416=VERTEX_POINT('',#4756);
#1417=VERTEX_POINT('',#4758);
#1418=VERTEX_POINT('',#4760);
#1419=VERTEX_POINT('',#4762);
#1420=VERTEX_POINT('',#4764);
#1421=VERTEX_POINT('',#4766);
#1422=VERTEX_POINT('',#4768);
#1423=VERTEX_POINT('',#4772);
#1424=VERTEX_POINT('',#4774);
#1425=VERTEX_POINT('',#4778);
#1426=VERTEX_POINT('',#4782);
#1427=VERTEX_POINT('',#4786);
#1428=VERTEX_POINT('',#4790);
#1429=VERTEX_POINT('',#4792);
#1430=VERTEX_POINT('',#4796);
#1431=VERTEX_POINT('',#4800);
#1432=VERTEX_POINT('',#4804);
#1433=VERTEX_POINT('',#4808);
#1434=VERTEX_POINT('',#4810);
#1435=VERTEX_POINT('',#4814);
#1436=VERTEX_POINT('',#4818);
#1437=VERTEX_POINT('',#4822);
#1438=VERTEX_POINT('',#4826);
#1439=VERTEX_POINT('',#4828);
#1440=VERTEX_POINT('',#4832);
#1441=VERTEX_POINT('',#4836);
#1442=VERTEX_POINT('',#4840);
#1443=VERTEX_POINT('',#4844);
#1444=VERTEX_POINT('',#4848);
#1445=VERTEX_POINT('',#4852);
#1446=VERTEX_POINT('',#4856);
#1447=VERTEX_POINT('',#4860);
#1448=VERTEX_POINT('',#4864);
#1449=VERTEX_POINT('',#4868);
#1450=VERTEX_POINT('',#4870);
#1451=VERTEX_POINT('',#4874);
#1452=VERTEX_POINT('',#4876);
#1453=VERTEX_POINT('',#4880);
#1454=VERTEX_POINT('',#4888);
#1455=VERTEX_POINT('',#4892);
#1456=VERTEX_POINT('',#4896);
#1457=VERTEX_POINT('',#4900);
#1458=VERTEX_POINT('',#4906);
#1459=VERTEX_POINT('',#4912);
#1460=VERTEX_POINT('',#4914);
#1461=VERTEX_POINT('',#4918);
#1462=VERTEX_POINT('',#4919);
#1463=VERTEX_POINT('',#4932);
#1464=VERTEX_POINT('',#4936);
#1465=VERTEX_POINT('',#4940);
#1466=VERTEX_POINT('',#4946);
#1467=VERTEX_POINT('',#4950);
#1468=VERTEX_POINT('',#4954);
#1469=VERTEX_POINT('',#4960);
#1470=VERTEX_POINT('',#4964);
#1471=VERTEX_POINT('',#4968);
#1472=VERTEX_POINT('',#4974);
#1473=VERTEX_POINT('',#4976);
#1474=VERTEX_POINT('',#4980);
#1475=VERTEX_POINT('',#4982);
#1476=VERTEX_POINT('',#4984);
#1477=VERTEX_POINT('',#4986);
#1478=VERTEX_POINT('',#4988);
#1479=VERTEX_POINT('',#4992);
#1480=VERTEX_POINT('',#4993);
#1481=VERTEX_POINT('',#4998);
#1482=VERTEX_POINT('',#5000);
#1483=VERTEX_POINT('',#5003);
#1484=VERTEX_POINT('',#5010);
#1485=VERTEX_POINT('',#5012);
#1486=VERTEX_POINT('',#5016);
#1487=VERTEX_POINT('',#5019);
#1488=VERTEX_POINT('',#5020);
#1489=VERTEX_POINT('',#5022);
#1490=VERTEX_POINT('',#5024);
#1491=VERTEX_POINT('',#5028);
#1492=VERTEX_POINT('',#5032);
#1493=VERTEX_POINT('',#5033);
#1494=VERTEX_POINT('',#5035);
#1495=VERTEX_POINT('',#5037);
#1496=VERTEX_POINT('',#5039);
#1497=VERTEX_POINT('',#5041);
#1498=VERTEX_POINT('',#5043);
#1499=VERTEX_POINT('',#5045);
#1500=VERTEX_POINT('',#5049);
#1501=VERTEX_POINT('',#5051);
#1502=VERTEX_POINT('',#5055);
#1503=VERTEX_POINT('',#5057);
#1504=VERTEX_POINT('',#5066);
#1505=VERTEX_POINT('',#5067);
#1506=VERTEX_POINT('',#5069);
#1507=VERTEX_POINT('',#5071);
#1508=VERTEX_POINT('',#5075);
#1509=VERTEX_POINT('',#5076);
#1510=VERTEX_POINT('',#5078);
#1511=VERTEX_POINT('',#5080);
#1512=VERTEX_POINT('',#5088);
#1513=VERTEX_POINT('',#5090);
#1514=VERTEX_POINT('',#5097);
#1515=VERTEX_POINT('',#5099);
#1516=VERTEX_POINT('',#5107);
#1517=VERTEX_POINT('',#5108);
#1518=VERTEX_POINT('',#5110);
#1519=VERTEX_POINT('',#5112);
#1520=VERTEX_POINT('',#5124);
#1521=VERTEX_POINT('',#5125);
#1522=VERTEX_POINT('',#5127);
#1523=VERTEX_POINT('',#5129);
#1524=VERTEX_POINT('',#5133);
#1525=VERTEX_POINT('',#5135);
#1526=VERTEX_POINT('',#5137);
#1527=VERTEX_POINT('',#5139);
#1528=VERTEX_POINT('',#5142);
#1529=VERTEX_POINT('',#5143);
#1530=VERTEX_POINT('',#5145);
#1531=VERTEX_POINT('',#5147);
#1532=VERTEX_POINT('',#5149);
#1533=VERTEX_POINT('',#5151);
#1534=VERTEX_POINT('',#5153);
#1535=VERTEX_POINT('',#5155);
#1536=VERTEX_POINT('',#5159);
#1537=VERTEX_POINT('',#5163);
#1538=VERTEX_POINT('',#5167);
#1539=VERTEX_POINT('',#5168);
#1540=VERTEX_POINT('',#5170);
#1541=VERTEX_POINT('',#5172);
#1542=VERTEX_POINT('',#5176);
#1543=VERTEX_POINT('',#5178);
#1544=VERTEX_POINT('',#5182);
#1545=VERTEX_POINT('',#5184);
#1546=VERTEX_POINT('',#5192);
#1547=VERTEX_POINT('',#5193);
#1548=VERTEX_POINT('',#5195);
#1549=VERTEX_POINT('',#5197);
#1550=VERTEX_POINT('',#5201);
#1551=VERTEX_POINT('',#5203);
#1552=VERTEX_POINT('',#5207);
#1553=VERTEX_POINT('',#5208);
#1554=VERTEX_POINT('',#5213);
#1555=VERTEX_POINT('',#5215);
#1556=VERTEX_POINT('',#5219);
#1557=VERTEX_POINT('',#5220);
#1558=VERTEX_POINT('',#5225);
#1559=VERTEX_POINT('',#5227);
#1560=VERTEX_POINT('',#5231);
#1561=VERTEX_POINT('',#5232);
#1562=VERTEX_POINT('',#5257);
#1563=VERTEX_POINT('',#5261);
#1564=EDGE_CURVE('',#1270,#1271,#504,.T.);
#1565=EDGE_CURVE('',#1272,#1270,#505,.T.);
#1566=EDGE_CURVE('',#1273,#1272,#506,.T.);
#1567=EDGE_CURVE('',#1274,#1273,#507,.T.);
#1568=EDGE_CURVE('',#1275,#1274,#508,.T.);
#1569=EDGE_CURVE('',#1271,#1275,#509,.T.);
#1570=EDGE_CURVE('',#1276,#1277,#510,.T.);
#1571=EDGE_CURVE('',#1278,#1276,#511,.T.);
#1572=EDGE_CURVE('',#1279,#1278,#512,.T.);
#1573=EDGE_CURVE('',#1280,#1279,#513,.T.);
#1574=EDGE_CURVE('',#1281,#1280,#514,.T.);
#1575=EDGE_CURVE('',#1277,#1281,#515,.T.);
#1576=EDGE_CURVE('',#1282,#1272,#516,.T.);
#1577=EDGE_CURVE('',#1283,#1282,#517,.T.);
#1578=EDGE_CURVE('',#1283,#1273,#518,.T.);
#1579=EDGE_CURVE('',#1270,#1284,#519,.T.);
#1580=EDGE_CURVE('',#1282,#1284,#520,.T.);
#1581=EDGE_CURVE('',#1285,#1271,#521,.T.);
#1582=EDGE_CURVE('',#1285,#1284,#522,.T.);
#1583=EDGE_CURVE('',#1286,#1278,#523,.T.);
#1584=EDGE_CURVE('',#1287,#1286,#524,.T.);
#1585=EDGE_CURVE('',#1287,#1279,#525,.T.);
#1586=EDGE_CURVE('',#1276,#1288,#526,.T.);
#1587=EDGE_CURVE('',#1286,#1288,#527,.T.);
#1588=EDGE_CURVE('',#1289,#1277,#528,.T.);
#1589=EDGE_CURVE('',#1289,#1288,#529,.T.);
#1590=EDGE_CURVE('',#1290,#1291,#530,.T.);
#1591=EDGE_CURVE('',#1292,#1290,#531,.T.);
#1592=EDGE_CURVE('',#1292,#1293,#532,.T.);
#1593=EDGE_CURVE('',#1291,#1293,#533,.T.);
#1594=EDGE_CURVE('',#1293,#1285,#534,.T.);
#1595=EDGE_CURVE('',#1284,#1292,#535,.T.);
#1596=EDGE_CURVE('',#1294,#1295,#536,.T.);
#1597=EDGE_CURVE('',#1296,#1294,#537,.T.);
#1598=EDGE_CURVE('',#1296,#1297,#538,.T.);
#1599=EDGE_CURVE('',#1295,#1297,#539,.T.);
#1600=EDGE_CURVE('',#1297,#1289,#540,.T.);
#1601=EDGE_CURVE('',#1288,#1296,#541,.T.);
#1602=EDGE_CURVE('',#1298,#1290,#542,.T.);
#1603=EDGE_CURVE('',#1299,#1298,#543,.T.);
#1604=EDGE_CURVE('',#1299,#1300,#544,.T.);
#1605=EDGE_CURVE('',#1300,#1301,#545,.T.);
#1606=EDGE_CURVE('',#1302,#1301,#546,.T.);
#1607=EDGE_CURVE('',#1292,#1302,#547,.T.);
#1608=EDGE_CURVE('',#1303,#1291,#548,.T.);
#1609=EDGE_CURVE('',#1298,#1303,#549,.T.);
#1610=EDGE_CURVE('',#1304,#1293,#550,.T.);
#1611=EDGE_CURVE('',#1303,#1304,#551,.T.);
#1612=EDGE_CURVE('',#1294,#1305,#552,.T.);
#1613=EDGE_CURVE('',#1306,#1305,#553,.T.);
#1614=EDGE_CURVE('',#1296,#1306,#554,.T.);
#1615=EDGE_CURVE('',#1295,#1307,#555,.T.);
#1616=EDGE_CURVE('',#1305,#1307,#556,.T.);
#1617=EDGE_CURVE('',#1308,#1297,#557,.T.);
#1618=EDGE_CURVE('',#1308,#1309,#558,.T.);
#1619=EDGE_CURVE('',#1309,#1310,#559,.T.);
#1620=EDGE_CURVE('',#1311,#1310,#560,.T.);
#1621=EDGE_CURVE('',#1307,#1311,#561,.T.);
#1622=EDGE_CURVE('',#1312,#1304,#562,.T.);
#1623=EDGE_CURVE('',#1312,#1313,#563,.T.);
#1624=EDGE_CURVE('',#1314,#1313,#564,.T.);
#1625=EDGE_CURVE('',#1315,#1314,#565,.T.);
#1626=EDGE_CURVE('',#1306,#1315,#566,.T.);
#1627=EDGE_CURVE('',#1311,#1299,#567,.T.);
#1628=EDGE_CURVE('',#1316,#1275,#568,.T.);
#1629=EDGE_CURVE('',#1285,#1316,#569,.T.);
#1630=EDGE_CURVE('',#1283,#1317,#570,.T.);
#1631=EDGE_CURVE('',#1274,#1317,#571,.T.);
#1632=EDGE_CURVE('',#1287,#1318,#572,.T.);
#1633=EDGE_CURVE('',#1280,#1318,#573,.T.);
#1634=EDGE_CURVE('',#1317,#1287,#574,.T.);
#1635=EDGE_CURVE('',#1318,#1283,#575,.T.);
#1636=EDGE_CURVE('',#1319,#1318,#576,.T.);
#1637=EDGE_CURVE('',#1319,#1281,#577,.T.);
#1638=EDGE_CURVE('',#1316,#1317,#578,.T.);
#1639=EDGE_CURVE('',#1289,#1319,#579,.T.);
#1640=EDGE_CURVE('',#1310,#1300,#580,.T.);
#1641=EDGE_CURVE('',#1302,#1308,#581,.T.);
#1642=EDGE_CURVE('',#1301,#1309,#582,.T.);
#1643=EDGE_CURVE('',#1320,#1321,#583,.T.);
#1644=EDGE_CURVE('',#1322,#1320,#584,.T.);
#1645=EDGE_CURVE('',#1323,#1322,#585,.T.);
#1646=EDGE_CURVE('',#1321,#1323,#586,.T.);
#1647=EDGE_CURVE('',#1324,#1320,#587,.T.);
#1648=EDGE_CURVE('',#1325,#1324,#588,.T.);
#1649=EDGE_CURVE('',#1325,#1322,#589,.T.);
#1650=EDGE_CURVE('',#1326,#1321,#590,.T.);
#1651=EDGE_CURVE('',#1324,#1326,#591,.T.);
#1652=EDGE_CURVE('',#1327,#1325,#592,.T.);
#1653=EDGE_CURVE('',#1327,#1323,#593,.T.);
#1654=EDGE_CURVE('',#1326,#1327,#594,.T.);
#1655=EDGE_CURVE('',#1315,#1328,#595,.T.);
#1656=EDGE_CURVE('',#1329,#1328,#596,.T.);
#1657=EDGE_CURVE('',#1312,#1329,#597,.T.);
#1658=EDGE_CURVE('',#1313,#1330,#598,.T.);
#1659=EDGE_CURVE('',#1330,#1331,#599,.T.);
#1660=EDGE_CURVE('',#1331,#1314,#600,.T.);
#1661=EDGE_CURVE('',#1332,#1329,#601,.T.);
#1662=EDGE_CURVE('',#1333,#1332,#602,.T.);
#1663=EDGE_CURVE('',#1333,#1330,#603,.T.);
#1664=EDGE_CURVE('',#1334,#1332,#604,.T.);
#1665=EDGE_CURVE('',#1335,#1334,#605,.T.);
#1666=EDGE_CURVE('',#1335,#1333,#606,.T.);
#1667=EDGE_CURVE('',#1336,#1334,#607,.T.);
#1668=EDGE_CURVE('',#1337,#1336,#608,.T.);
#1669=EDGE_CURVE('',#1337,#1335,#609,.T.);
#1670=EDGE_CURVE('',#1338,#1336,#610,.T.);
#1671=EDGE_CURVE('',#1339,#1338,#611,.T.);
#1672=EDGE_CURVE('',#1339,#1337,#612,.T.);
#1673=EDGE_CURVE('',#1340,#1338,#613,.T.);
#1674=EDGE_CURVE('',#1341,#1340,#614,.T.);
#1675=EDGE_CURVE('',#1341,#1339,#615,.T.);
#1676=EDGE_CURVE('',#1342,#1340,#616,.T.);
#1677=EDGE_CURVE('',#1343,#1342,#617,.T.);
#1678=EDGE_CURVE('',#1343,#1341,#618,.T.);
#1679=EDGE_CURVE('',#1328,#1342,#619,.T.);
#1680=EDGE_CURVE('',#1331,#1343,#620,.T.);
#1681=EDGE_CURVE('',#1344,#1345,#621,.T.);
#1682=EDGE_CURVE('',#1346,#1344,#622,.T.);
#1683=EDGE_CURVE('',#1347,#1346,#623,.T.);
#1684=EDGE_CURVE('',#1347,#1345,#624,.T.);
#1685=EDGE_CURVE('',#1345,#1348,#625,.T.);
#1686=EDGE_CURVE('',#1349,#1347,#626,.T.);
#1687=EDGE_CURVE('',#1349,#1350,#627,.T.);
#1688=EDGE_CURVE('',#1351,#1350,#628,.T.);
#1689=EDGE_CURVE('',#1348,#1351,#629,.T.);
#1690=EDGE_CURVE('',#1352,#1344,#630,.T.);
#1691=EDGE_CURVE('',#1353,#1352,#631,.T.);
#1692=EDGE_CURVE('',#1354,#1353,#632,.T.);
#1693=EDGE_CURVE('',#1355,#1354,#633,.T.);
#1694=EDGE_CURVE('',#1346,#1355,#634,.T.);
#1695=EDGE_CURVE('',#1350,#1354,#635,.T.);
#1696=EDGE_CURVE('',#1355,#1349,#636,.T.);
#1697=EDGE_CURVE('',#1348,#1356,#637,.T.);
#1698=EDGE_CURVE('',#1356,#1357,#638,.T.);
#1699=EDGE_CURVE('',#1357,#1358,#639,.T.);
#1700=EDGE_CURVE('',#1358,#1359,#640,.T.);
#1701=EDGE_CURVE('',#1359,#1352,#641,.T.);
#1702=EDGE_CURVE('',#1360,#1351,#642,.F.);
#1703=EDGE_CURVE('',#1356,#1360,#643,.F.);
#1704=EDGE_CURVE('',#1361,#1362,#644,.T.);
#1705=EDGE_CURVE('',#1362,#1363,#645,.F.);
#1706=EDGE_CURVE('',#1364,#1363,#646,.T.);
#1707=EDGE_CURVE('',#1364,#1361,#647,.T.);
#1708=EDGE_CURVE('',#1365,#1366,#648,.T.);
#1709=EDGE_CURVE('',#1365,#1361,#649,.T.);
#1710=EDGE_CURVE('',#1366,#1364,#650,.T.);
#1711=EDGE_CURVE('',#1367,#1368,#651,.T.);
#1712=EDGE_CURVE('',#1369,#1367,#652,.T.);
#1713=EDGE_CURVE('',#1369,#1370,#653,.T.);
#1714=EDGE_CURVE('',#1370,#1368,#654,.T.);
#1715=EDGE_CURVE('',#1371,#1370,#655,.T.);
#1716=EDGE_CURVE('',#1372,#1369,#656,.T.);
#1717=EDGE_CURVE('',#1372,#1371,#657,.F.);
#1718=EDGE_CURVE('',#1373,#1374,#658,.T.);
#1719=EDGE_CURVE('',#1375,#1374,#659,.T.);
#1720=EDGE_CURVE('',#1376,#1375,#660,.T.);
#1721=EDGE_CURVE('',#1373,#1376,#661,.T.);
#1722=EDGE_CURVE('',#1363,#1372,#662,.T.);
#1723=EDGE_CURVE('',#1367,#1377,#663,.T.);
#1724=EDGE_CURVE('',#1377,#1378,#664,.T.);
#1725=EDGE_CURVE('',#1378,#1366,#665,.T.);
#1726=EDGE_CURVE('',#1379,#1380,#47,.T.);
#1727=EDGE_CURVE('',#1381,#1379,#48,.T.);
#1728=EDGE_CURVE('',#1382,#1381,#666,.T.);
#1729=EDGE_CURVE('',#1383,#1382,#49,.T.);
#1730=EDGE_CURVE('',#1384,#1383,#50,.T.);
#1731=EDGE_CURVE('',#1385,#1384,#667,.T.);
#1732=EDGE_CURVE('',#1386,#1385,#51,.T.);
#1733=EDGE_CURVE('',#1387,#1386,#668,.T.);
#1734=EDGE_CURVE('',#1388,#1387,#52,.T.);
#1735=EDGE_CURVE('',#1389,#1388,#669,.T.);
#1736=EDGE_CURVE('',#1390,#1389,#53,.T.);
#1737=EDGE_CURVE('',#1391,#1390,#54,.T.);
#1738=EDGE_CURVE('',#1392,#1391,#670,.T.);
#1739=EDGE_CURVE('',#1393,#1392,#55,.T.);
#1740=EDGE_CURVE('',#1394,#1393,#56,.T.);
#1741=EDGE_CURVE('',#1395,#1394,#671,.T.);
#1742=EDGE_CURVE('',#1396,#1395,#57,.T.);
#1743=EDGE_CURVE('',#1397,#1396,#672,.T.);
#1744=EDGE_CURVE('',#1398,#1397,#58,.T.);
#1745=EDGE_CURVE('',#1380,#1398,#673,.T.);
#1746=EDGE_CURVE('',#1399,#1400,#674,.T.);
#1747=EDGE_CURVE('',#1401,#1399,#59,.T.);
#1748=EDGE_CURVE('',#1402,#1401,#675,.T.);
#1749=EDGE_CURVE('',#1403,#1402,#60,.T.);
#1750=EDGE_CURVE('',#1404,#1403,#676,.T.);
#1751=EDGE_CURVE('',#1405,#1404,#61,.T.);
#1752=EDGE_CURVE('',#1406,#1405,#677,.T.);
#1753=EDGE_CURVE('',#1400,#1406,#62,.T.);
#1754=EDGE_CURVE('',#1407,#1408,#678,.T.);
#1755=EDGE_CURVE('',#1409,#1407,#63,.T.);
#1756=EDGE_CURVE('',#1410,#1409,#679,.T.);
#1757=EDGE_CURVE('',#1411,#1410,#64,.T.);
#1758=EDGE_CURVE('',#1412,#1411,#680,.T.);
#1759=EDGE_CURVE('',#1413,#1412,#65,.T.);
#1760=EDGE_CURVE('',#1414,#1413,#681,.T.);
#1761=EDGE_CURVE('',#1408,#1414,#66,.T.);
#1762=EDGE_CURVE('',#1415,#1416,#682,.T.);
#1763=EDGE_CURVE('',#1417,#1415,#67,.T.);
#1764=EDGE_CURVE('',#1418,#1417,#683,.T.);
#1765=EDGE_CURVE('',#1419,#1418,#68,.T.);
#1766=EDGE_CURVE('',#1420,#1419,#684,.T.);
#1767=EDGE_CURVE('',#1421,#1420,#69,.T.);
#1768=EDGE_CURVE('',#1422,#1421,#685,.T.);
#1769=EDGE_CURVE('',#1416,#1422,#70,.T.);
#1770=EDGE_CURVE('',#1423,#1419,#686,.T.);
#1771=EDGE_CURVE('',#1424,#1423,#687,.T.);
#1772=EDGE_CURVE('',#1424,#1420,#688,.T.);
#1773=EDGE_CURVE('',#1425,#1418,#689,.T.);
#1774=EDGE_CURVE('',#1423,#1425,#71,.T.);
#1775=EDGE_CURVE('',#1426,#1417,#690,.T.);
#1776=EDGE_CURVE('',#1425,#1426,#691,.T.);
#1777=EDGE_CURVE('',#1427,#1415,#692,.T.);
#1778=EDGE_CURVE('',#1426,#1427,#72,.T.);
#1779=EDGE_CURVE('',#1428,#1411,#693,.T.);
#1780=EDGE_CURVE('',#1429,#1428,#694,.T.);
#1781=EDGE_CURVE('',#1429,#1412,#695,.T.);
#1782=EDGE_CURVE('',#1430,#1410,#696,.T.);
#1783=EDGE_CURVE('',#1428,#1430,#73,.T.);
#1784=EDGE_CURVE('',#1431,#1409,#697,.T.);
#1785=EDGE_CURVE('',#1430,#1431,#698,.T.);
#1786=EDGE_CURVE('',#1432,#1407,#699,.T.);
#1787=EDGE_CURVE('',#1431,#1432,#74,.T.);
#1788=EDGE_CURVE('',#1433,#1403,#700,.T.);
#1789=EDGE_CURVE('',#1434,#1433,#701,.T.);
#1790=EDGE_CURVE('',#1434,#1404,#702,.T.);
#1791=EDGE_CURVE('',#1435,#1402,#703,.T.);
#1792=EDGE_CURVE('',#1433,#1435,#75,.T.);
#1793=EDGE_CURVE('',#1436,#1401,#704,.T.);
#1794=EDGE_CURVE('',#1435,#1436,#705,.T.);
#1795=EDGE_CURVE('',#1437,#1399,#706,.T.);
#1796=EDGE_CURVE('',#1436,#1437,#76,.T.);
#1797=EDGE_CURVE('',#1390,#1438,#707,.T.);
#1798=EDGE_CURVE('',#1438,#1439,#77,.T.);
#1799=EDGE_CURVE('',#1439,#1391,#708,.T.);
#1800=EDGE_CURVE('',#1440,#1389,#709,.T.);
#1801=EDGE_CURVE('',#1440,#1438,#78,.T.);
#1802=EDGE_CURVE('',#1441,#1388,#710,.T.);
#1803=EDGE_CURVE('',#1441,#1440,#711,.T.);
#1804=EDGE_CURVE('',#1442,#1387,#712,.T.);
#1805=EDGE_CURVE('',#1442,#1441,#79,.T.);
#1806=EDGE_CURVE('',#1443,#1386,#713,.T.);
#1807=EDGE_CURVE('',#1443,#1442,#714,.T.);
#1808=EDGE_CURVE('',#1444,#1385,#715,.T.);
#1809=EDGE_CURVE('',#1444,#1443,#80,.T.);
#1810=EDGE_CURVE('',#1445,#1384,#716,.T.);
#1811=EDGE_CURVE('',#1445,#1444,#717,.T.);
#1812=EDGE_CURVE('',#1446,#1383,#718,.T.);
#1813=EDGE_CURVE('',#1446,#1445,#81,.T.);
#1814=EDGE_CURVE('',#1447,#1382,#719,.T.);
#1815=EDGE_CURVE('',#1447,#1446,#82,.T.);
#1816=EDGE_CURVE('',#1448,#1381,#720,.T.);
#1817=EDGE_CURVE('',#1448,#1447,#721,.T.);
#1818=EDGE_CURVE('',#1393,#1449,#722,.T.);
#1819=EDGE_CURVE('',#1449,#1450,#83,.T.);
#1820=EDGE_CURVE('',#1450,#1394,#723,.T.);
#1821=EDGE_CURVE('',#1451,#1380,#724,.T.);
#1822=EDGE_CURVE('',#1451,#1452,#84,.T.);
#1823=EDGE_CURVE('',#1452,#1379,#725,.T.);
#1824=EDGE_CURVE('',#1439,#1453,#726,.T.);
#1825=EDGE_CURVE('',#1453,#1392,#727,.T.);
#1826=EDGE_CURVE('',#1452,#1448,#85,.T.);
#1827=EDGE_CURVE('',#1453,#1449,#86,.T.);
#1828=EDGE_CURVE('',#1450,#1454,#728,.T.);
#1829=EDGE_CURVE('',#1454,#1395,#729,.T.);
#1830=EDGE_CURVE('',#1454,#1455,#87,.T.);
#1831=EDGE_CURVE('',#1455,#1396,#730,.T.);
#1832=EDGE_CURVE('',#1455,#1456,#731,.T.);
#1833=EDGE_CURVE('',#1456,#1397,#732,.T.);
#1834=EDGE_CURVE('',#1457,#1398,#733,.T.);
#1835=EDGE_CURVE('',#1457,#1451,#734,.T.);
#1836=EDGE_CURVE('',#1456,#1457,#88,.T.);
#1837=EDGE_CURVE('',#1353,#1458,#735,.F.);
#1838=EDGE_CURVE('',#1458,#1378,#736,.T.);
#1839=EDGE_CURVE('',#1377,#1360,#737,.T.);
#1840=EDGE_CURVE('',#1458,#1359,#738,.F.);
#1841=EDGE_CURVE('',#1459,#1358,#739,.T.);
#1842=EDGE_CURVE('',#1459,#1460,#740,.F.);
#1843=EDGE_CURVE('',#1365,#1460,#741,.F.);
#1844=EDGE_CURVE('',#1461,#1462,#742,.T.);
#1845=EDGE_CURVE('',#1460,#1461,#743,.F.);
#1846=EDGE_CURVE('',#1459,#1462,#744,.T.);
#1847=EDGE_CURVE('',#1461,#1368,#745,.F.);
#1848=EDGE_CURVE('',#1357,#1462,#746,.T.);
#1849=EDGE_CURVE('',#1371,#1362,#747,.T.);
#1850=EDGE_CURVE('',#1463,#1400,#748,.T.);
#1851=EDGE_CURVE('',#1437,#1463,#749,.T.);
#1852=EDGE_CURVE('',#1464,#1434,#89,.T.);
#1853=EDGE_CURVE('',#1464,#1405,#750,.T.);
#1854=EDGE_CURVE('',#1465,#1464,#751,.T.);
#1855=EDGE_CURVE('',#1465,#1406,#752,.T.);
#1856=EDGE_CURVE('',#1463,#1465,#90,.T.);
#1857=EDGE_CURVE('',#1466,#1408,#753,.T.);
#1858=EDGE_CURVE('',#1432,#1466,#754,.T.);
#1859=EDGE_CURVE('',#1467,#1429,#91,.T.);
#1860=EDGE_CURVE('',#1467,#1413,#755,.T.);
#1861=EDGE_CURVE('',#1468,#1467,#756,.T.);
#1862=EDGE_CURVE('',#1468,#1414,#757,.T.);
#1863=EDGE_CURVE('',#1466,#1468,#92,.T.);
#1864=EDGE_CURVE('',#1469,#1416,#758,.T.);
#1865=EDGE_CURVE('',#1427,#1469,#759,.T.);
#1866=EDGE_CURVE('',#1470,#1424,#93,.T.);
#1867=EDGE_CURVE('',#1470,#1421,#760,.T.);
#1868=EDGE_CURVE('',#1471,#1470,#761,.T.);
#1869=EDGE_CURVE('',#1471,#1422,#762,.T.);
#1870=EDGE_CURVE('',#1469,#1471,#94,.T.);
#1871=EDGE_CURVE('',#1472,#1373,#763,.T.);
#1872=EDGE_CURVE('',#1473,#1472,#764,.T.);
#1873=EDGE_CURVE('',#1374,#1473,#765,.T.);
#1874=EDGE_CURVE('',#1472,#1474,#766,.T.);
#1875=EDGE_CURVE('',#1475,#1376,#767,.T.);
#1876=EDGE_CURVE('',#1475,#1476,#768,.T.);
#1877=EDGE_CURVE('',#1477,#1476,#769,.T.);
#1878=EDGE_CURVE('',#1477,#1478,#770,.T.);
#1879=EDGE_CURVE('',#1474,#1478,#771,.T.);
#1880=EDGE_CURVE('',#1479,#1480,#772,.T.);
#1881=EDGE_CURVE('',#1477,#1480,#773,.T.);
#1882=EDGE_CURVE('',#1476,#1479,#774,.T.);
#1883=EDGE_CURVE('',#1481,#1473,#775,.T.);
#1884=EDGE_CURVE('',#1482,#1481,#776,.T.);
#1885=EDGE_CURVE('',#1482,#1480,#777,.T.);
#1886=EDGE_CURVE('',#1479,#1483,#778,.T.);
#1887=EDGE_CURVE('',#1375,#1483,#779,.T.);
#1888=EDGE_CURVE('',#1483,#1475,#780,.T.);
#1889=EDGE_CURVE('',#1481,#1484,#95,.T.);
#1890=EDGE_CURVE('',#1484,#1485,#781,.T.);
#1891=EDGE_CURVE('',#1485,#1482,#96,.T.);
#1892=EDGE_CURVE('',#1486,#1485,#782,.T.);
#1893=EDGE_CURVE('',#1478,#1486,#97,.T.);
#1894=EDGE_CURVE('',#1487,#1488,#783,.T.);
#1895=EDGE_CURVE('',#1488,#1489,#784,.T.);
#1896=EDGE_CURVE('',#1489,#1490,#785,.T.);
#1897=EDGE_CURVE('',#1490,#1487,#786,.T.);
#1898=EDGE_CURVE('',#1491,#1484,#787,.T.);
#1899=EDGE_CURVE('',#1486,#1491,#788,.T.);
#1900=EDGE_CURVE('',#1492,#1493,#789,.T.);
#1901=EDGE_CURVE('',#1494,#1493,#790,.T.);
#1902=EDGE_CURVE('',#1495,#1494,#791,.T.);
#1903=EDGE_CURVE('',#1496,#1495,#792,.T.);
#1904=EDGE_CURVE('',#1496,#1497,#793,.T.);
#1905=EDGE_CURVE('',#1497,#1498,#794,.T.);
#1906=EDGE_CURVE('',#1498,#1499,#795,.T.);
#1907=EDGE_CURVE('',#1499,#1492,#796,.T.);
#1908=EDGE_CURVE('',#1500,#1496,#797,.T.);
#1909=EDGE_CURVE('',#1501,#1495,#798,.T.);
#1910=EDGE_CURVE('',#1500,#1501,#799,.T.);
#1911=EDGE_CURVE('',#1493,#1502,#800,.T.);
#1912=EDGE_CURVE('',#1503,#1502,#801,.T.);
#1913=EDGE_CURVE('',#1503,#1494,#802,.T.);
#1914=EDGE_CURVE('',#1491,#1474,#98,.T.);
#1915=EDGE_CURVE('',#1501,#1503,#803,.T.);
#1916=EDGE_CURVE('',#1502,#1500,#804,.T.);
#1917=EDGE_CURVE('',#1504,#1505,#805,.T.);
#1918=EDGE_CURVE('',#1505,#1506,#806,.T.);
#1919=EDGE_CURVE('',#1506,#1507,#807,.T.);
#1920=EDGE_CURVE('',#1507,#1504,#808,.T.);
#1921=EDGE_CURVE('',#1508,#1509,#809,.T.);
#1922=EDGE_CURVE('',#1509,#1510,#810,.T.);
#1923=EDGE_CURVE('',#1510,#1511,#811,.T.);
#1924=EDGE_CURVE('',#1511,#1508,#812,.T.);
#1925=EDGE_CURVE('',#1506,#1497,#813,.T.);
#1926=EDGE_CURVE('',#1507,#1492,#814,.T.);
#1927=EDGE_CURVE('',#1510,#1499,#815,.T.);
#1928=EDGE_CURVE('',#1509,#1512,#816,.T.);
#1929=EDGE_CURVE('',#1512,#1513,#817,.T.);
#1930=EDGE_CURVE('',#1504,#1513,#818,.T.);
#1931=EDGE_CURVE('',#1511,#1498,#819,.T.);
#1932=EDGE_CURVE('',#1505,#1514,#820,.T.);
#1933=EDGE_CURVE('',#1514,#1515,#821,.T.);
#1934=EDGE_CURVE('',#1508,#1515,#822,.T.);
#1935=EDGE_CURVE('',#1513,#1514,#823,.T.);
#1936=EDGE_CURVE('',#1515,#1512,#824,.T.);
#1937=EDGE_CURVE('',#1516,#1517,#825,.T.);
#1938=EDGE_CURVE('',#1518,#1516,#826,.T.);
#1939=EDGE_CURVE('',#1519,#1518,#827,.T.);
#1940=EDGE_CURVE('',#1517,#1519,#828,.T.);
#1941=EDGE_CURVE('',#1489,#1519,#829,.T.);
#1942=EDGE_CURVE('',#1488,#1517,#830,.T.);
#1943=EDGE_CURVE('',#1490,#1518,#831,.T.);
#1944=EDGE_CURVE('',#1487,#1516,#832,.T.);
#1945=EDGE_CURVE('',#1520,#1521,#99,.T.);
#1946=EDGE_CURVE('',#1521,#1522,#833,.T.);
#1947=EDGE_CURVE('',#1522,#1523,#100,.T.);
#1948=EDGE_CURVE('',#1523,#1520,#834,.T.);
#1949=EDGE_CURVE('',#1524,#1522,#835,.T.);
#1950=EDGE_CURVE('',#1525,#1524,#101,.T.);
#1951=EDGE_CURVE('',#1526,#1525,#836,.T.);
#1952=EDGE_CURVE('',#1527,#1526,#837,.T.);
#1953=EDGE_CURVE('',#1523,#1527,#838,.T.);
#1954=EDGE_CURVE('',#1528,#1529,#839,.T.);
#1955=EDGE_CURVE('',#1530,#1528,#102,.F.);
#1956=EDGE_CURVE('',#1531,#1530,#840,.T.);
#1957=EDGE_CURVE('',#1532,#1531,#103,.F.);
#1958=EDGE_CURVE('',#1533,#1532,#841,.T.);
#1959=EDGE_CURVE('',#1534,#1533,#104,.F.);
#1960=EDGE_CURVE('',#1535,#1534,#842,.T.);
#1961=EDGE_CURVE('',#1529,#1535,#105,.F.);
#1962=EDGE_CURVE('',#1536,#1521,#843,.T.);
#1963=EDGE_CURVE('',#1524,#1536,#844,.T.);
#1964=EDGE_CURVE('',#1536,#1537,#106,.T.);
#1965=EDGE_CURVE('',#1537,#1525,#845,.T.);
#1966=EDGE_CURVE('',#1538,#1539,#846,.T.);
#1967=EDGE_CURVE('',#1538,#1540,#847,.T.);
#1968=EDGE_CURVE('',#1540,#1541,#848,.T.);
#1969=EDGE_CURVE('',#1539,#1541,#849,.T.);
#1970=EDGE_CURVE('',#1542,#1538,#850,.T.);
#1971=EDGE_CURVE('',#1542,#1543,#851,.T.);
#1972=EDGE_CURVE('',#1543,#1540,#852,.T.);
#1973=EDGE_CURVE('',#1544,#1542,#853,.T.);
#1974=EDGE_CURVE('',#1544,#1545,#854,.T.);
#1975=EDGE_CURVE('',#1545,#1543,#855,.T.);
#1976=EDGE_CURVE('',#1539,#1544,#856,.T.);
#1977=EDGE_CURVE('',#1541,#1545,#857,.T.);
#1978=EDGE_CURVE('',#1546,#1547,#858,.T.);
#1979=EDGE_CURVE('',#1547,#1548,#107,.T.);
#1980=EDGE_CURVE('',#1548,#1549,#859,.T.);
#1981=EDGE_CURVE('',#1549,#1546,#108,.T.);
#1982=EDGE_CURVE('',#1546,#1550,#860,.T.);
#1983=EDGE_CURVE('',#1550,#1551,#861,.T.);
#1984=EDGE_CURVE('',#1551,#1547,#862,.T.);
#1985=EDGE_CURVE('',#1552,#1553,#863,.T.);
#1986=EDGE_CURVE('',#1553,#1551,#109,.T.);
#1987=EDGE_CURVE('',#1550,#1552,#110,.T.);
#1988=EDGE_CURVE('',#1552,#1554,#864,.T.);
#1989=EDGE_CURVE('',#1554,#1555,#865,.T.);
#1990=EDGE_CURVE('',#1555,#1553,#866,.T.);
#1991=EDGE_CURVE('',#1556,#1557,#867,.T.);
#1992=EDGE_CURVE('',#1557,#1555,#111,.T.);
#1993=EDGE_CURVE('',#1554,#1556,#112,.T.);
#1994=EDGE_CURVE('',#1556,#1558,#868,.T.);
#1995=EDGE_CURVE('',#1558,#1559,#869,.T.);
#1996=EDGE_CURVE('',#1559,#1557,#870,.T.);
#1997=EDGE_CURVE('',#1560,#1561,#871,.T.);
#1998=EDGE_CURVE('',#1561,#1559,#113,.T.);
#1999=EDGE_CURVE('',#1558,#1560,#114,.T.);
#2000=EDGE_CURVE('',#1560,#1549,#872,.T.);
#2001=EDGE_CURVE('',#1548,#1561,#873,.T.);
#2002=EDGE_CURVE('',#1531,#1559,#874,.T.);
#2003=EDGE_CURVE('',#1557,#1530,#875,.T.);
#2004=EDGE_CURVE('',#1561,#1532,#876,.T.);
#2005=EDGE_CURVE('',#1533,#1548,#877,.T.);
#2006=EDGE_CURVE('',#1547,#1534,#878,.T.);
#2007=EDGE_CURVE('',#1535,#1551,#879,.T.);
#2008=EDGE_CURVE('',#1553,#1529,#880,.T.);
#2009=EDGE_CURVE('',#1528,#1555,#881,.T.);
#2010=EDGE_CURVE('',#1562,#1537,#882,.T.);
#2011=EDGE_CURVE('',#1526,#1562,#883,.T.);
#2012=EDGE_CURVE('',#1563,#1562,#884,.T.);
#2013=EDGE_CURVE('',#1527,#1563,#885,.T.);
#2014=EDGE_CURVE('',#1520,#1563,#886,.T.);
#2015=ORIENTED_EDGE('',*,*,#1564,.F.);
#2016=ORIENTED_EDGE('',*,*,#1565,.F.);
#2017=ORIENTED_EDGE('',*,*,#1566,.F.);
#2018=ORIENTED_EDGE('',*,*,#1567,.F.);
#2019=ORIENTED_EDGE('',*,*,#1568,.F.);
#2020=ORIENTED_EDGE('',*,*,#1569,.F.);
#2021=ORIENTED_EDGE('',*,*,#1570,.F.);
#2022=ORIENTED_EDGE('',*,*,#1571,.F.);
#2023=ORIENTED_EDGE('',*,*,#1572,.F.);
#2024=ORIENTED_EDGE('',*,*,#1573,.F.);
#2025=ORIENTED_EDGE('',*,*,#1574,.F.);
#2026=ORIENTED_EDGE('',*,*,#1575,.F.);
#2027=ORIENTED_EDGE('',*,*,#1566,.T.);
#2028=ORIENTED_EDGE('',*,*,#1576,.F.);
#2029=ORIENTED_EDGE('',*,*,#1577,.F.);
#2030=ORIENTED_EDGE('',*,*,#1578,.T.);
#2031=ORIENTED_EDGE('',*,*,#1565,.T.);
#2032=ORIENTED_EDGE('',*,*,#1579,.T.);
#2033=ORIENTED_EDGE('',*,*,#1580,.F.);
#2034=ORIENTED_EDGE('',*,*,#1576,.T.);
#2035=ORIENTED_EDGE('',*,*,#1564,.T.);
#2036=ORIENTED_EDGE('',*,*,#1581,.F.);
#2037=ORIENTED_EDGE('',*,*,#1582,.T.);
#2038=ORIENTED_EDGE('',*,*,#1579,.F.);
#2039=ORIENTED_EDGE('',*,*,#1572,.T.);
#2040=ORIENTED_EDGE('',*,*,#1583,.F.);
#2041=ORIENTED_EDGE('',*,*,#1584,.F.);
#2042=ORIENTED_EDGE('',*,*,#1585,.T.);
#2043=ORIENTED_EDGE('',*,*,#1571,.T.);
#2044=ORIENTED_EDGE('',*,*,#1586,.T.);
#2045=ORIENTED_EDGE('',*,*,#1587,.F.);
#2046=ORIENTED_EDGE('',*,*,#1583,.T.);
#2047=ORIENTED_EDGE('',*,*,#1570,.T.);
#2048=ORIENTED_EDGE('',*,*,#1588,.F.);
#2049=ORIENTED_EDGE('',*,*,#1589,.T.);
#2050=ORIENTED_EDGE('',*,*,#1586,.F.);
#2051=ORIENTED_EDGE('',*,*,#1590,.F.);
#2052=ORIENTED_EDGE('',*,*,#1591,.F.);
#2053=ORIENTED_EDGE('',*,*,#1592,.T.);
#2054=ORIENTED_EDGE('',*,*,#1593,.F.);
#2055=ORIENTED_EDGE('',*,*,#1582,.F.);
#2056=ORIENTED_EDGE('',*,*,#1594,.F.);
#2057=ORIENTED_EDGE('',*,*,#1592,.F.);
#2058=ORIENTED_EDGE('',*,*,#1595,.F.);
#2059=ORIENTED_EDGE('',*,*,#1596,.F.);
#2060=ORIENTED_EDGE('',*,*,#1597,.F.);
#2061=ORIENTED_EDGE('',*,*,#1598,.T.);
#2062=ORIENTED_EDGE('',*,*,#1599,.F.);
#2063=ORIENTED_EDGE('',*,*,#1589,.F.);
#2064=ORIENTED_EDGE('',*,*,#1600,.F.);
#2065=ORIENTED_EDGE('',*,*,#1598,.F.);
#2066=ORIENTED_EDGE('',*,*,#1601,.F.);
#2067=ORIENTED_EDGE('',*,*,#1591,.T.);
#2068=ORIENTED_EDGE('',*,*,#1602,.F.);
#2069=ORIENTED_EDGE('',*,*,#1603,.F.);
#2070=ORIENTED_EDGE('',*,*,#1604,.T.);
#2071=ORIENTED_EDGE('',*,*,#1605,.T.);
#2072=ORIENTED_EDGE('',*,*,#1606,.F.);
#2073=ORIENTED_EDGE('',*,*,#1607,.F.);
#2074=ORIENTED_EDGE('',*,*,#1590,.T.);
#2075=ORIENTED_EDGE('',*,*,#1608,.F.);
#2076=ORIENTED_EDGE('',*,*,#1609,.F.);
#2077=ORIENTED_EDGE('',*,*,#1602,.T.);
#2078=ORIENTED_EDGE('',*,*,#1593,.T.);
#2079=ORIENTED_EDGE('',*,*,#1610,.F.);
#2080=ORIENTED_EDGE('',*,*,#1611,.F.);
#2081=ORIENTED_EDGE('',*,*,#1608,.T.);
#2082=ORIENTED_EDGE('',*,*,#1597,.T.);
#2083=ORIENTED_EDGE('',*,*,#1612,.T.);
#2084=ORIENTED_EDGE('',*,*,#1613,.F.);
#2085=ORIENTED_EDGE('',*,*,#1614,.F.);
#2086=ORIENTED_EDGE('',*,*,#1596,.T.);
#2087=ORIENTED_EDGE('',*,*,#1615,.T.);
#2088=ORIENTED_EDGE('',*,*,#1616,.F.);
#2089=ORIENTED_EDGE('',*,*,#1612,.F.);
#2090=ORIENTED_EDGE('',*,*,#1599,.T.);
#2091=ORIENTED_EDGE('',*,*,#1617,.F.);
#2092=ORIENTED_EDGE('',*,*,#1618,.T.);
#2093=ORIENTED_EDGE('',*,*,#1619,.T.);
#2094=ORIENTED_EDGE('',*,*,#1620,.F.);
#2095=ORIENTED_EDGE('',*,*,#1621,.F.);
#2096=ORIENTED_EDGE('',*,*,#1615,.F.);
#2097=ORIENTED_EDGE('',*,*,#1609,.T.);
#2098=ORIENTED_EDGE('',*,*,#1611,.T.);
#2099=ORIENTED_EDGE('',*,*,#1622,.F.);
#2100=ORIENTED_EDGE('',*,*,#1623,.T.);
#2101=ORIENTED_EDGE('',*,*,#1624,.F.);
#2102=ORIENTED_EDGE('',*,*,#1625,.F.);
#2103=ORIENTED_EDGE('',*,*,#1626,.F.);
#2104=ORIENTED_EDGE('',*,*,#1613,.T.);
#2105=ORIENTED_EDGE('',*,*,#1616,.T.);
#2106=ORIENTED_EDGE('',*,*,#1621,.T.);
#2107=ORIENTED_EDGE('',*,*,#1627,.T.);
#2108=ORIENTED_EDGE('',*,*,#1603,.T.);
#2109=ORIENTED_EDGE('',*,*,#1569,.T.);
#2110=ORIENTED_EDGE('',*,*,#1628,.F.);
#2111=ORIENTED_EDGE('',*,*,#1629,.F.);
#2112=ORIENTED_EDGE('',*,*,#1581,.T.);
#2113=ORIENTED_EDGE('',*,*,#1567,.T.);
#2114=ORIENTED_EDGE('',*,*,#1578,.F.);
#2115=ORIENTED_EDGE('',*,*,#1630,.T.);
#2116=ORIENTED_EDGE('',*,*,#1631,.F.);
#2117=ORIENTED_EDGE('',*,*,#1573,.T.);
#2118=ORIENTED_EDGE('',*,*,#1585,.F.);
#2119=ORIENTED_EDGE('',*,*,#1632,.T.);
#2120=ORIENTED_EDGE('',*,*,#1633,.F.);
#2121=ORIENTED_EDGE('',*,*,#1634,.F.);
#2122=ORIENTED_EDGE('',*,*,#1630,.F.);
#2123=ORIENTED_EDGE('',*,*,#1635,.F.);
#2124=ORIENTED_EDGE('',*,*,#1632,.F.);
#2125=ORIENTED_EDGE('',*,*,#1574,.T.);
#2126=ORIENTED_EDGE('',*,*,#1633,.T.);
#2127=ORIENTED_EDGE('',*,*,#1636,.F.);
#2128=ORIENTED_EDGE('',*,*,#1637,.T.);
#2129=ORIENTED_EDGE('',*,*,#1568,.T.);
#2130=ORIENTED_EDGE('',*,*,#1631,.T.);
#2131=ORIENTED_EDGE('',*,*,#1638,.F.);
#2132=ORIENTED_EDGE('',*,*,#1628,.T.);
#2133=ORIENTED_EDGE('',*,*,#1575,.T.);
#2134=ORIENTED_EDGE('',*,*,#1637,.F.);
#2135=ORIENTED_EDGE('',*,*,#1639,.F.);
#2136=ORIENTED_EDGE('',*,*,#1588,.T.);
#2137=ORIENTED_EDGE('',*,*,#1627,.F.);
#2138=ORIENTED_EDGE('',*,*,#1620,.T.);
#2139=ORIENTED_EDGE('',*,*,#1640,.T.);
#2140=ORIENTED_EDGE('',*,*,#1604,.F.);
#2141=ORIENTED_EDGE('',*,*,#1641,.F.);
#2142=ORIENTED_EDGE('',*,*,#1606,.T.);
#2143=ORIENTED_EDGE('',*,*,#1642,.T.);
#2144=ORIENTED_EDGE('',*,*,#1618,.F.);
#2145=ORIENTED_EDGE('',*,*,#1642,.F.);
#2146=ORIENTED_EDGE('',*,*,#1605,.F.);
#2147=ORIENTED_EDGE('',*,*,#1640,.F.);
#2148=ORIENTED_EDGE('',*,*,#1619,.F.);
#2149=ORIENTED_EDGE('',*,*,#1643,.F.);
#2150=ORIENTED_EDGE('',*,*,#1644,.F.);
#2151=ORIENTED_EDGE('',*,*,#1645,.F.);
#2152=ORIENTED_EDGE('',*,*,#1646,.F.);
#2153=ORIENTED_EDGE('',*,*,#1644,.T.);
#2154=ORIENTED_EDGE('',*,*,#1647,.F.);
#2155=ORIENTED_EDGE('',*,*,#1648,.F.);
#2156=ORIENTED_EDGE('',*,*,#1649,.T.);
#2157=ORIENTED_EDGE('',*,*,#1643,.T.);
#2158=ORIENTED_EDGE('',*,*,#1650,.F.);
#2159=ORIENTED_EDGE('',*,*,#1651,.F.);
#2160=ORIENTED_EDGE('',*,*,#1647,.T.);
#2161=ORIENTED_EDGE('',*,*,#1645,.T.);
#2162=ORIENTED_EDGE('',*,*,#1649,.F.);
#2163=ORIENTED_EDGE('',*,*,#1652,.F.);
#2164=ORIENTED_EDGE('',*,*,#1653,.T.);
#2165=ORIENTED_EDGE('',*,*,#1646,.T.);
#2166=ORIENTED_EDGE('',*,*,#1653,.F.);
#2167=ORIENTED_EDGE('',*,*,#1654,.F.);
#2168=ORIENTED_EDGE('',*,*,#1650,.T.);
#2169=ORIENTED_EDGE('',*,*,#1610,.T.);
#2170=ORIENTED_EDGE('',*,*,#1594,.T.);
#2171=ORIENTED_EDGE('',*,*,#1629,.T.);
#2172=ORIENTED_EDGE('',*,*,#1638,.T.);
#2173=ORIENTED_EDGE('',*,*,#1634,.T.);
#2174=ORIENTED_EDGE('',*,*,#1584,.T.);
#2175=ORIENTED_EDGE('',*,*,#1587,.T.);
#2176=ORIENTED_EDGE('',*,*,#1601,.T.);
#2177=ORIENTED_EDGE('',*,*,#1614,.T.);
#2178=ORIENTED_EDGE('',*,*,#1626,.T.);
#2179=ORIENTED_EDGE('',*,*,#1655,.T.);
#2180=ORIENTED_EDGE('',*,*,#1656,.F.);
#2181=ORIENTED_EDGE('',*,*,#1657,.F.);
#2182=ORIENTED_EDGE('',*,*,#1622,.T.);
#2183=ORIENTED_EDGE('',*,*,#1658,.T.);
#2184=ORIENTED_EDGE('',*,*,#1659,.T.);
#2185=ORIENTED_EDGE('',*,*,#1660,.T.);
#2186=ORIENTED_EDGE('',*,*,#1624,.T.);
#2187=ORIENTED_EDGE('',*,*,#1580,.T.);
#2188=ORIENTED_EDGE('',*,*,#1595,.T.);
#2189=ORIENTED_EDGE('',*,*,#1607,.T.);
#2190=ORIENTED_EDGE('',*,*,#1641,.T.);
#2191=ORIENTED_EDGE('',*,*,#1617,.T.);
#2192=ORIENTED_EDGE('',*,*,#1600,.T.);
#2193=ORIENTED_EDGE('',*,*,#1639,.T.);
#2194=ORIENTED_EDGE('',*,*,#1636,.T.);
#2195=ORIENTED_EDGE('',*,*,#1635,.T.);
#2196=ORIENTED_EDGE('',*,*,#1577,.T.);
#2197=ORIENTED_EDGE('',*,*,#1661,.F.);
#2198=ORIENTED_EDGE('',*,*,#1662,.F.);
#2199=ORIENTED_EDGE('',*,*,#1663,.T.);
#2200=ORIENTED_EDGE('',*,*,#1658,.F.);
#2201=ORIENTED_EDGE('',*,*,#1623,.F.);
#2202=ORIENTED_EDGE('',*,*,#1657,.T.);
#2203=ORIENTED_EDGE('',*,*,#1664,.F.);
#2204=ORIENTED_EDGE('',*,*,#1665,.F.);
#2205=ORIENTED_EDGE('',*,*,#1666,.T.);
#2206=ORIENTED_EDGE('',*,*,#1662,.T.);
#2207=ORIENTED_EDGE('',*,*,#1667,.F.);
#2208=ORIENTED_EDGE('',*,*,#1668,.F.);
#2209=ORIENTED_EDGE('',*,*,#1669,.T.);
#2210=ORIENTED_EDGE('',*,*,#1665,.T.);
#2211=ORIENTED_EDGE('',*,*,#1670,.F.);
#2212=ORIENTED_EDGE('',*,*,#1671,.F.);
#2213=ORIENTED_EDGE('',*,*,#1672,.T.);
#2214=ORIENTED_EDGE('',*,*,#1668,.T.);
#2215=ORIENTED_EDGE('',*,*,#1673,.F.);
#2216=ORIENTED_EDGE('',*,*,#1674,.F.);
#2217=ORIENTED_EDGE('',*,*,#1675,.T.);
#2218=ORIENTED_EDGE('',*,*,#1671,.T.);
#2219=ORIENTED_EDGE('',*,*,#1676,.F.);
#2220=ORIENTED_EDGE('',*,*,#1677,.F.);
#2221=ORIENTED_EDGE('',*,*,#1678,.T.);
#2222=ORIENTED_EDGE('',*,*,#1674,.T.);
#2223=ORIENTED_EDGE('',*,*,#1679,.F.);
#2224=ORIENTED_EDGE('',*,*,#1655,.F.);
#2225=ORIENTED_EDGE('',*,*,#1625,.T.);
#2226=ORIENTED_EDGE('',*,*,#1660,.F.);
#2227=ORIENTED_EDGE('',*,*,#1680,.T.);
#2228=ORIENTED_EDGE('',*,*,#1677,.T.);
#2229=ORIENTED_EDGE('',*,*,#1666,.F.);
#2230=ORIENTED_EDGE('',*,*,#1669,.F.);
#2231=ORIENTED_EDGE('',*,*,#1672,.F.);
#2232=ORIENTED_EDGE('',*,*,#1675,.F.);
#2233=ORIENTED_EDGE('',*,*,#1678,.F.);
#2234=ORIENTED_EDGE('',*,*,#1680,.F.);
#2235=ORIENTED_EDGE('',*,*,#1659,.F.);
#2236=ORIENTED_EDGE('',*,*,#1663,.F.);
#2237=ORIENTED_EDGE('',*,*,#1652,.T.);
#2238=ORIENTED_EDGE('',*,*,#1648,.T.);
#2239=ORIENTED_EDGE('',*,*,#1651,.T.);
#2240=ORIENTED_EDGE('',*,*,#1654,.T.);
#2241=ORIENTED_EDGE('',*,*,#1667,.T.);
#2242=ORIENTED_EDGE('',*,*,#1664,.T.);
#2243=ORIENTED_EDGE('',*,*,#1661,.T.);
#2244=ORIENTED_EDGE('',*,*,#1656,.T.);
#2245=ORIENTED_EDGE('',*,*,#1679,.T.);
#2246=ORIENTED_EDGE('',*,*,#1676,.T.);
#2247=ORIENTED_EDGE('',*,*,#1673,.T.);
#2248=ORIENTED_EDGE('',*,*,#1670,.T.);
#2249=ORIENTED_EDGE('',*,*,#1681,.F.);
#2250=ORIENTED_EDGE('',*,*,#1682,.F.);
#2251=ORIENTED_EDGE('',*,*,#1683,.F.);
#2252=ORIENTED_EDGE('',*,*,#1684,.T.);
#2253=ORIENTED_EDGE('',*,*,#1685,.F.);
#2254=ORIENTED_EDGE('',*,*,#1684,.F.);
#2255=ORIENTED_EDGE('',*,*,#1686,.F.);
#2256=ORIENTED_EDGE('',*,*,#1687,.T.);
#2257=ORIENTED_EDGE('',*,*,#1688,.F.);
#2258=ORIENTED_EDGE('',*,*,#1689,.F.);
#2259=ORIENTED_EDGE('',*,*,#1690,.F.);
#2260=ORIENTED_EDGE('',*,*,#1691,.F.);
#2261=ORIENTED_EDGE('',*,*,#1692,.F.);
#2262=ORIENTED_EDGE('',*,*,#1693,.F.);
#2263=ORIENTED_EDGE('',*,*,#1694,.F.);
#2264=ORIENTED_EDGE('',*,*,#1682,.T.);
#2265=ORIENTED_EDGE('',*,*,#1695,.F.);
#2266=ORIENTED_EDGE('',*,*,#1687,.F.);
#2267=ORIENTED_EDGE('',*,*,#1696,.F.);
#2268=ORIENTED_EDGE('',*,*,#1693,.T.);
#2269=ORIENTED_EDGE('',*,*,#1690,.T.);
#2270=ORIENTED_EDGE('',*,*,#1681,.T.);
#2271=ORIENTED_EDGE('',*,*,#1685,.T.);
#2272=ORIENTED_EDGE('',*,*,#1697,.T.);
#2273=ORIENTED_EDGE('',*,*,#1698,.T.);
#2274=ORIENTED_EDGE('',*,*,#1699,.T.);
#2275=ORIENTED_EDGE('',*,*,#1700,.T.);
#2276=ORIENTED_EDGE('',*,*,#1701,.T.);
#2277=ORIENTED_EDGE('',*,*,#1689,.T.);
#2278=ORIENTED_EDGE('',*,*,#1702,.F.);
#2279=ORIENTED_EDGE('',*,*,#1703,.F.);
#2280=ORIENTED_EDGE('',*,*,#1697,.F.);
#2281=ORIENTED_EDGE('',*,*,#1704,.T.);
#2282=ORIENTED_EDGE('',*,*,#1705,.T.);
#2283=ORIENTED_EDGE('',*,*,#1706,.F.);
#2284=ORIENTED_EDGE('',*,*,#1707,.T.);
#2285=ORIENTED_EDGE('',*,*,#1708,.F.);
#2286=ORIENTED_EDGE('',*,*,#1709,.T.);
#2287=ORIENTED_EDGE('',*,*,#1707,.F.);
#2288=ORIENTED_EDGE('',*,*,#1710,.F.);
#2289=ORIENTED_EDGE('',*,*,#1711,.F.);
#2290=ORIENTED_EDGE('',*,*,#1712,.F.);
#2291=ORIENTED_EDGE('',*,*,#1713,.T.);
#2292=ORIENTED_EDGE('',*,*,#1714,.T.);
#2293=ORIENTED_EDGE('',*,*,#1715,.T.);
#2294=ORIENTED_EDGE('',*,*,#1713,.F.);
#2295=ORIENTED_EDGE('',*,*,#1716,.F.);
#2296=ORIENTED_EDGE('',*,*,#1717,.T.);
#2297=ORIENTED_EDGE('',*,*,#1718,.T.);
#2298=ORIENTED_EDGE('',*,*,#1719,.F.);
#2299=ORIENTED_EDGE('',*,*,#1720,.F.);
#2300=ORIENTED_EDGE('',*,*,#1721,.F.);
#2301=ORIENTED_EDGE('',*,*,#1710,.T.);
#2302=ORIENTED_EDGE('',*,*,#1706,.T.);
#2303=ORIENTED_EDGE('',*,*,#1722,.T.);
#2304=ORIENTED_EDGE('',*,*,#1716,.T.);
#2305=ORIENTED_EDGE('',*,*,#1712,.T.);
#2306=ORIENTED_EDGE('',*,*,#1723,.T.);
#2307=ORIENTED_EDGE('',*,*,#1724,.T.);
#2308=ORIENTED_EDGE('',*,*,#1725,.T.);
#2309=ORIENTED_EDGE('',*,*,#1726,.F.);
#2310=ORIENTED_EDGE('',*,*,#1727,.F.);
#2311=ORIENTED_EDGE('',*,*,#1728,.F.);
#2312=ORIENTED_EDGE('',*,*,#1729,.F.);
#2313=ORIENTED_EDGE('',*,*,#1730,.F.);
#2314=ORIENTED_EDGE('',*,*,#1731,.F.);
#2315=ORIENTED_EDGE('',*,*,#1732,.F.);
#2316=ORIENTED_EDGE('',*,*,#1733,.F.);
#2317=ORIENTED_EDGE('',*,*,#1734,.F.);
#2318=ORIENTED_EDGE('',*,*,#1735,.F.);
#2319=ORIENTED_EDGE('',*,*,#1736,.F.);
#2320=ORIENTED_EDGE('',*,*,#1737,.F.);
#2321=ORIENTED_EDGE('',*,*,#1738,.F.);
#2322=ORIENTED_EDGE('',*,*,#1739,.F.);
#2323=ORIENTED_EDGE('',*,*,#1740,.F.);
#2324=ORIENTED_EDGE('',*,*,#1741,.F.);
#2325=ORIENTED_EDGE('',*,*,#1742,.F.);
#2326=ORIENTED_EDGE('',*,*,#1743,.F.);
#2327=ORIENTED_EDGE('',*,*,#1744,.F.);
#2328=ORIENTED_EDGE('',*,*,#1745,.F.);
#2329=ORIENTED_EDGE('',*,*,#1746,.F.);
#2330=ORIENTED_EDGE('',*,*,#1747,.F.);
#2331=ORIENTED_EDGE('',*,*,#1748,.F.);
#2332=ORIENTED_EDGE('',*,*,#1749,.F.);
#2333=ORIENTED_EDGE('',*,*,#1750,.F.);
#2334=ORIENTED_EDGE('',*,*,#1751,.F.);
#2335=ORIENTED_EDGE('',*,*,#1752,.F.);
#2336=ORIENTED_EDGE('',*,*,#1753,.F.);
#2337=ORIENTED_EDGE('',*,*,#1754,.F.);
#2338=ORIENTED_EDGE('',*,*,#1755,.F.);
#2339=ORIENTED_EDGE('',*,*,#1756,.F.);
#2340=ORIENTED_EDGE('',*,*,#1757,.F.);
#2341=ORIENTED_EDGE('',*,*,#1758,.F.);
#2342=ORIENTED_EDGE('',*,*,#1759,.F.);
#2343=ORIENTED_EDGE('',*,*,#1760,.F.);
#2344=ORIENTED_EDGE('',*,*,#1761,.F.);
#2345=ORIENTED_EDGE('',*,*,#1762,.F.);
#2346=ORIENTED_EDGE('',*,*,#1763,.F.);
#2347=ORIENTED_EDGE('',*,*,#1764,.F.);
#2348=ORIENTED_EDGE('',*,*,#1765,.F.);
#2349=ORIENTED_EDGE('',*,*,#1766,.F.);
#2350=ORIENTED_EDGE('',*,*,#1767,.F.);
#2351=ORIENTED_EDGE('',*,*,#1768,.F.);
#2352=ORIENTED_EDGE('',*,*,#1769,.F.);
#2353=ORIENTED_EDGE('',*,*,#1766,.T.);
#2354=ORIENTED_EDGE('',*,*,#1770,.F.);
#2355=ORIENTED_EDGE('',*,*,#1771,.F.);
#2356=ORIENTED_EDGE('',*,*,#1772,.T.);
#2357=ORIENTED_EDGE('',*,*,#1765,.T.);
#2358=ORIENTED_EDGE('',*,*,#1773,.F.);
#2359=ORIENTED_EDGE('',*,*,#1774,.F.);
#2360=ORIENTED_EDGE('',*,*,#1770,.T.);
#2361=ORIENTED_EDGE('',*,*,#1764,.T.);
#2362=ORIENTED_EDGE('',*,*,#1775,.F.);
#2363=ORIENTED_EDGE('',*,*,#1776,.F.);
#2364=ORIENTED_EDGE('',*,*,#1773,.T.);
#2365=ORIENTED_EDGE('',*,*,#1763,.T.);
#2366=ORIENTED_EDGE('',*,*,#1777,.F.);
#2367=ORIENTED_EDGE('',*,*,#1778,.F.);
#2368=ORIENTED_EDGE('',*,*,#1775,.T.);
#2369=ORIENTED_EDGE('',*,*,#1758,.T.);
#2370=ORIENTED_EDGE('',*,*,#1779,.F.);
#2371=ORIENTED_EDGE('',*,*,#1780,.F.);
#2372=ORIENTED_EDGE('',*,*,#1781,.T.);
#2373=ORIENTED_EDGE('',*,*,#1757,.T.);
#2374=ORIENTED_EDGE('',*,*,#1782,.F.);
#2375=ORIENTED_EDGE('',*,*,#1783,.F.);
#2376=ORIENTED_EDGE('',*,*,#1779,.T.);
#2377=ORIENTED_EDGE('',*,*,#1756,.T.);
#2378=ORIENTED_EDGE('',*,*,#1784,.F.);
#2379=ORIENTED_EDGE('',*,*,#1785,.F.);
#2380=ORIENTED_EDGE('',*,*,#1782,.T.);
#2381=ORIENTED_EDGE('',*,*,#1755,.T.);
#2382=ORIENTED_EDGE('',*,*,#1786,.F.);
#2383=ORIENTED_EDGE('',*,*,#1787,.F.);
#2384=ORIENTED_EDGE('',*,*,#1784,.T.);
#2385=ORIENTED_EDGE('',*,*,#1750,.T.);
#2386=ORIENTED_EDGE('',*,*,#1788,.F.);
#2387=ORIENTED_EDGE('',*,*,#1789,.F.);
#2388=ORIENTED_EDGE('',*,*,#1790,.T.);
#2389=ORIENTED_EDGE('',*,*,#1749,.T.);
#2390=ORIENTED_EDGE('',*,*,#1791,.F.);
#2391=ORIENTED_EDGE('',*,*,#1792,.F.);
#2392=ORIENTED_EDGE('',*,*,#1788,.T.);
#2393=ORIENTED_EDGE('',*,*,#1748,.T.);
#2394=ORIENTED_EDGE('',*,*,#1793,.F.);
#2395=ORIENTED_EDGE('',*,*,#1794,.F.);
#2396=ORIENTED_EDGE('',*,*,#1791,.T.);
#2397=ORIENTED_EDGE('',*,*,#1747,.T.);
#2398=ORIENTED_EDGE('',*,*,#1795,.F.);
#2399=ORIENTED_EDGE('',*,*,#1796,.F.);
#2400=ORIENTED_EDGE('',*,*,#1793,.T.);
#2401=ORIENTED_EDGE('',*,*,#1737,.T.);
#2402=ORIENTED_EDGE('',*,*,#1797,.T.);
#2403=ORIENTED_EDGE('',*,*,#1798,.T.);
#2404=ORIENTED_EDGE('',*,*,#1799,.T.);
#2405=ORIENTED_EDGE('',*,*,#1736,.T.);
#2406=ORIENTED_EDGE('',*,*,#1800,.F.);
#2407=ORIENTED_EDGE('',*,*,#1801,.T.);
#2408=ORIENTED_EDGE('',*,*,#1797,.F.);
#2409=ORIENTED_EDGE('',*,*,#1735,.T.);
#2410=ORIENTED_EDGE('',*,*,#1802,.F.);
#2411=ORIENTED_EDGE('',*,*,#1803,.T.);
#2412=ORIENTED_EDGE('',*,*,#1800,.T.);
#2413=ORIENTED_EDGE('',*,*,#1734,.T.);
#2414=ORIENTED_EDGE('',*,*,#1804,.F.);
#2415=ORIENTED_EDGE('',*,*,#1805,.T.);
#2416=ORIENTED_EDGE('',*,*,#1802,.T.);
#2417=ORIENTED_EDGE('',*,*,#1733,.T.);
#2418=ORIENTED_EDGE('',*,*,#1806,.F.);
#2419=ORIENTED_EDGE('',*,*,#1807,.T.);
#2420=ORIENTED_EDGE('',*,*,#1804,.T.);
#2421=ORIENTED_EDGE('',*,*,#1732,.T.);
#2422=ORIENTED_EDGE('',*,*,#1808,.F.);
#2423=ORIENTED_EDGE('',*,*,#1809,.T.);
#2424=ORIENTED_EDGE('',*,*,#1806,.T.);
#2425=ORIENTED_EDGE('',*,*,#1731,.T.);
#2426=ORIENTED_EDGE('',*,*,#1810,.F.);
#2427=ORIENTED_EDGE('',*,*,#1811,.T.);
#2428=ORIENTED_EDGE('',*,*,#1808,.T.);
#2429=ORIENTED_EDGE('',*,*,#1730,.T.);
#2430=ORIENTED_EDGE('',*,*,#1812,.F.);
#2431=ORIENTED_EDGE('',*,*,#1813,.T.);
#2432=ORIENTED_EDGE('',*,*,#1810,.T.);
#2433=ORIENTED_EDGE('',*,*,#1729,.T.);
#2434=ORIENTED_EDGE('',*,*,#1814,.F.);
#2435=ORIENTED_EDGE('',*,*,#1815,.T.);
#2436=ORIENTED_EDGE('',*,*,#1812,.T.);
#2437=ORIENTED_EDGE('',*,*,#1728,.T.);
#2438=ORIENTED_EDGE('',*,*,#1816,.F.);
#2439=ORIENTED_EDGE('',*,*,#1817,.T.);
#2440=ORIENTED_EDGE('',*,*,#1814,.T.);
#2441=ORIENTED_EDGE('',*,*,#1740,.T.);
#2442=ORIENTED_EDGE('',*,*,#1818,.T.);
#2443=ORIENTED_EDGE('',*,*,#1819,.T.);
#2444=ORIENTED_EDGE('',*,*,#1820,.T.);
#2445=ORIENTED_EDGE('',*,*,#1726,.T.);
#2446=ORIENTED_EDGE('',*,*,#1821,.F.);
#2447=ORIENTED_EDGE('',*,*,#1822,.T.);
#2448=ORIENTED_EDGE('',*,*,#1823,.T.);
#2449=ORIENTED_EDGE('',*,*,#1738,.T.);
#2450=ORIENTED_EDGE('',*,*,#1799,.F.);
#2451=ORIENTED_EDGE('',*,*,#1824,.T.);
#2452=ORIENTED_EDGE('',*,*,#1825,.T.);
#2453=ORIENTED_EDGE('',*,*,#1727,.T.);
#2454=ORIENTED_EDGE('',*,*,#1823,.F.);
#2455=ORIENTED_EDGE('',*,*,#1826,.T.);
#2456=ORIENTED_EDGE('',*,*,#1816,.T.);
#2457=ORIENTED_EDGE('',*,*,#1739,.T.);
#2458=ORIENTED_EDGE('',*,*,#1825,.F.);
#2459=ORIENTED_EDGE('',*,*,#1827,.T.);
#2460=ORIENTED_EDGE('',*,*,#1818,.F.);
#2461=ORIENTED_EDGE('',*,*,#1741,.T.);
#2462=ORIENTED_EDGE('',*,*,#1820,.F.);
#2463=ORIENTED_EDGE('',*,*,#1828,.T.);
#2464=ORIENTED_EDGE('',*,*,#1829,.T.);
#2465=ORIENTED_EDGE('',*,*,#1742,.T.);
#2466=ORIENTED_EDGE('',*,*,#1829,.F.);
#2467=ORIENTED_EDGE('',*,*,#1830,.T.);
#2468=ORIENTED_EDGE('',*,*,#1831,.T.);
#2469=ORIENTED_EDGE('',*,*,#1743,.T.);
#2470=ORIENTED_EDGE('',*,*,#1831,.F.);
#2471=ORIENTED_EDGE('',*,*,#1832,.T.);
#2472=ORIENTED_EDGE('',*,*,#1833,.T.);
#2473=ORIENTED_EDGE('',*,*,#1745,.T.);
#2474=ORIENTED_EDGE('',*,*,#1834,.F.);
#2475=ORIENTED_EDGE('',*,*,#1835,.T.);
#2476=ORIENTED_EDGE('',*,*,#1821,.T.);
#2477=ORIENTED_EDGE('',*,*,#1744,.T.);
#2478=ORIENTED_EDGE('',*,*,#1833,.F.);
#2479=ORIENTED_EDGE('',*,*,#1836,.T.);
#2480=ORIENTED_EDGE('',*,*,#1834,.T.);
#2481=ORIENTED_EDGE('',*,*,#1692,.T.);
#2482=ORIENTED_EDGE('',*,*,#1837,.T.);
#2483=ORIENTED_EDGE('',*,*,#1838,.T.);
#2484=ORIENTED_EDGE('',*,*,#1724,.F.);
#2485=ORIENTED_EDGE('',*,*,#1839,.T.);
#2486=ORIENTED_EDGE('',*,*,#1702,.T.);
#2487=ORIENTED_EDGE('',*,*,#1688,.T.);
#2488=ORIENTED_EDGE('',*,*,#1695,.T.);
#2489=ORIENTED_EDGE('',*,*,#1708,.T.);
#2490=ORIENTED_EDGE('',*,*,#1725,.F.);
#2491=ORIENTED_EDGE('',*,*,#1838,.F.);
#2492=ORIENTED_EDGE('',*,*,#1840,.T.);
#2493=ORIENTED_EDGE('',*,*,#1700,.F.);
#2494=ORIENTED_EDGE('',*,*,#1841,.F.);
#2495=ORIENTED_EDGE('',*,*,#1842,.T.);
#2496=ORIENTED_EDGE('',*,*,#1843,.F.);
#2497=ORIENTED_EDGE('',*,*,#1844,.F.);
#2498=ORIENTED_EDGE('',*,*,#1845,.F.);
#2499=ORIENTED_EDGE('',*,*,#1842,.F.);
#2500=ORIENTED_EDGE('',*,*,#1846,.T.);
#2501=ORIENTED_EDGE('',*,*,#1822,.F.);
#2502=ORIENTED_EDGE('',*,*,#1835,.F.);
#2503=ORIENTED_EDGE('',*,*,#1836,.F.);
#2504=ORIENTED_EDGE('',*,*,#1832,.F.);
#2505=ORIENTED_EDGE('',*,*,#1830,.F.);
#2506=ORIENTED_EDGE('',*,*,#1828,.F.);
#2507=ORIENTED_EDGE('',*,*,#1819,.F.);
#2508=ORIENTED_EDGE('',*,*,#1827,.F.);
#2509=ORIENTED_EDGE('',*,*,#1824,.F.);
#2510=ORIENTED_EDGE('',*,*,#1798,.F.);
#2511=ORIENTED_EDGE('',*,*,#1801,.F.);
#2512=ORIENTED_EDGE('',*,*,#1803,.F.);
#2513=ORIENTED_EDGE('',*,*,#1805,.F.);
#2514=ORIENTED_EDGE('',*,*,#1807,.F.);
#2515=ORIENTED_EDGE('',*,*,#1809,.F.);
#2516=ORIENTED_EDGE('',*,*,#1811,.F.);
#2517=ORIENTED_EDGE('',*,*,#1813,.F.);
#2518=ORIENTED_EDGE('',*,*,#1815,.F.);
#2519=ORIENTED_EDGE('',*,*,#1817,.F.);
#2520=ORIENTED_EDGE('',*,*,#1826,.F.);
#2521=ORIENTED_EDGE('',*,*,#1711,.T.);
#2522=ORIENTED_EDGE('',*,*,#1847,.F.);
#2523=ORIENTED_EDGE('',*,*,#1844,.T.);
#2524=ORIENTED_EDGE('',*,*,#1848,.F.);
#2525=ORIENTED_EDGE('',*,*,#1698,.F.);
#2526=ORIENTED_EDGE('',*,*,#1703,.T.);
#2527=ORIENTED_EDGE('',*,*,#1839,.F.);
#2528=ORIENTED_EDGE('',*,*,#1723,.F.);
#2529=ORIENTED_EDGE('',*,*,#1843,.T.);
#2530=ORIENTED_EDGE('',*,*,#1845,.T.);
#2531=ORIENTED_EDGE('',*,*,#1847,.T.);
#2532=ORIENTED_EDGE('',*,*,#1714,.F.);
#2533=ORIENTED_EDGE('',*,*,#1715,.F.);
#2534=ORIENTED_EDGE('',*,*,#1849,.T.);
#2535=ORIENTED_EDGE('',*,*,#1704,.F.);
#2536=ORIENTED_EDGE('',*,*,#1709,.F.);
#2537=ORIENTED_EDGE('',*,*,#1849,.F.);
#2538=ORIENTED_EDGE('',*,*,#1717,.F.);
#2539=ORIENTED_EDGE('',*,*,#1722,.F.);
#2540=ORIENTED_EDGE('',*,*,#1705,.F.);
#2541=ORIENTED_EDGE('',*,*,#1699,.F.);
#2542=ORIENTED_EDGE('',*,*,#1848,.T.);
#2543=ORIENTED_EDGE('',*,*,#1846,.F.);
#2544=ORIENTED_EDGE('',*,*,#1841,.T.);
#2545=ORIENTED_EDGE('',*,*,#1691,.T.);
#2546=ORIENTED_EDGE('',*,*,#1701,.F.);
#2547=ORIENTED_EDGE('',*,*,#1840,.F.);
#2548=ORIENTED_EDGE('',*,*,#1837,.F.);
#2549=ORIENTED_EDGE('',*,*,#1746,.T.);
#2550=ORIENTED_EDGE('',*,*,#1850,.F.);
#2551=ORIENTED_EDGE('',*,*,#1851,.F.);
#2552=ORIENTED_EDGE('',*,*,#1795,.T.);
#2553=ORIENTED_EDGE('',*,*,#1751,.T.);
#2554=ORIENTED_EDGE('',*,*,#1790,.F.);
#2555=ORIENTED_EDGE('',*,*,#1852,.F.);
#2556=ORIENTED_EDGE('',*,*,#1853,.T.);
#2557=ORIENTED_EDGE('',*,*,#1752,.T.);
#2558=ORIENTED_EDGE('',*,*,#1853,.F.);
#2559=ORIENTED_EDGE('',*,*,#1854,.F.);
#2560=ORIENTED_EDGE('',*,*,#1855,.T.);
#2561=ORIENTED_EDGE('',*,*,#1753,.T.);
#2562=ORIENTED_EDGE('',*,*,#1855,.F.);
#2563=ORIENTED_EDGE('',*,*,#1856,.F.);
#2564=ORIENTED_EDGE('',*,*,#1850,.T.);
#2565=ORIENTED_EDGE('',*,*,#1754,.T.);
#2566=ORIENTED_EDGE('',*,*,#1857,.F.);
#2567=ORIENTED_EDGE('',*,*,#1858,.F.);
#2568=ORIENTED_EDGE('',*,*,#1786,.T.);
#2569=ORIENTED_EDGE('',*,*,#1759,.T.);
#2570=ORIENTED_EDGE('',*,*,#1781,.F.);
#2571=ORIENTED_EDGE('',*,*,#1859,.F.);
#2572=ORIENTED_EDGE('',*,*,#1860,.T.);
#2573=ORIENTED_EDGE('',*,*,#1760,.T.);
#2574=ORIENTED_EDGE('',*,*,#1860,.F.);
#2575=ORIENTED_EDGE('',*,*,#1861,.F.);
#2576=ORIENTED_EDGE('',*,*,#1862,.T.);
#2577=ORIENTED_EDGE('',*,*,#1761,.T.);
#2578=ORIENTED_EDGE('',*,*,#1862,.F.);
#2579=ORIENTED_EDGE('',*,*,#1863,.F.);
#2580=ORIENTED_EDGE('',*,*,#1857,.T.);
#2581=ORIENTED_EDGE('',*,*,#1762,.T.);
#2582=ORIENTED_EDGE('',*,*,#1864,.F.);
#2583=ORIENTED_EDGE('',*,*,#1865,.F.);
#2584=ORIENTED_EDGE('',*,*,#1777,.T.);
#2585=ORIENTED_EDGE('',*,*,#1767,.T.);
#2586=ORIENTED_EDGE('',*,*,#1772,.F.);
#2587=ORIENTED_EDGE('',*,*,#1866,.F.);
#2588=ORIENTED_EDGE('',*,*,#1867,.T.);
#2589=ORIENTED_EDGE('',*,*,#1768,.T.);
#2590=ORIENTED_EDGE('',*,*,#1867,.F.);
#2591=ORIENTED_EDGE('',*,*,#1868,.F.);
#2592=ORIENTED_EDGE('',*,*,#1869,.T.);
#2593=ORIENTED_EDGE('',*,*,#1769,.T.);
#2594=ORIENTED_EDGE('',*,*,#1869,.F.);
#2595=ORIENTED_EDGE('',*,*,#1870,.F.);
#2596=ORIENTED_EDGE('',*,*,#1864,.T.);
#2597=ORIENTED_EDGE('',*,*,#1718,.F.);
#2598=ORIENTED_EDGE('',*,*,#1871,.F.);
#2599=ORIENTED_EDGE('',*,*,#1872,.F.);
#2600=ORIENTED_EDGE('',*,*,#1873,.F.);
#2601=ORIENTED_EDGE('',*,*,#1874,.F.);
#2602=ORIENTED_EDGE('',*,*,#1871,.T.);
#2603=ORIENTED_EDGE('',*,*,#1721,.T.);
#2604=ORIENTED_EDGE('',*,*,#1875,.F.);
#2605=ORIENTED_EDGE('',*,*,#1876,.T.);
#2606=ORIENTED_EDGE('',*,*,#1877,.F.);
#2607=ORIENTED_EDGE('',*,*,#1878,.T.);
#2608=ORIENTED_EDGE('',*,*,#1879,.F.);
#2609=ORIENTED_EDGE('',*,*,#1880,.T.);
#2610=ORIENTED_EDGE('',*,*,#1881,.F.);
#2611=ORIENTED_EDGE('',*,*,#1877,.T.);
#2612=ORIENTED_EDGE('',*,*,#1882,.T.);
#2613=ORIENTED_EDGE('',*,*,#1851,.T.);
#2614=ORIENTED_EDGE('',*,*,#1856,.T.);
#2615=ORIENTED_EDGE('',*,*,#1854,.T.);
#2616=ORIENTED_EDGE('',*,*,#1852,.T.);
#2617=ORIENTED_EDGE('',*,*,#1789,.T.);
#2618=ORIENTED_EDGE('',*,*,#1792,.T.);
#2619=ORIENTED_EDGE('',*,*,#1794,.T.);
#2620=ORIENTED_EDGE('',*,*,#1796,.T.);
#2621=ORIENTED_EDGE('',*,*,#1858,.T.);
#2622=ORIENTED_EDGE('',*,*,#1863,.T.);
#2623=ORIENTED_EDGE('',*,*,#1861,.T.);
#2624=ORIENTED_EDGE('',*,*,#1859,.T.);
#2625=ORIENTED_EDGE('',*,*,#1780,.T.);
#2626=ORIENTED_EDGE('',*,*,#1783,.T.);
#2627=ORIENTED_EDGE('',*,*,#1785,.T.);
#2628=ORIENTED_EDGE('',*,*,#1787,.T.);
#2629=ORIENTED_EDGE('',*,*,#1865,.T.);
#2630=ORIENTED_EDGE('',*,*,#1870,.T.);
#2631=ORIENTED_EDGE('',*,*,#1868,.T.);
#2632=ORIENTED_EDGE('',*,*,#1866,.T.);
#2633=ORIENTED_EDGE('',*,*,#1771,.T.);
#2634=ORIENTED_EDGE('',*,*,#1774,.T.);
#2635=ORIENTED_EDGE('',*,*,#1776,.T.);
#2636=ORIENTED_EDGE('',*,*,#1778,.T.);
#2637=ORIENTED_EDGE('',*,*,#1883,.F.);
#2638=ORIENTED_EDGE('',*,*,#1884,.F.);
#2639=ORIENTED_EDGE('',*,*,#1885,.T.);
#2640=ORIENTED_EDGE('',*,*,#1880,.F.);
#2641=ORIENTED_EDGE('',*,*,#1886,.T.);
#2642=ORIENTED_EDGE('',*,*,#1887,.F.);
#2643=ORIENTED_EDGE('',*,*,#1719,.T.);
#2644=ORIENTED_EDGE('',*,*,#1873,.T.);
#2645=ORIENTED_EDGE('',*,*,#1882,.F.);
#2646=ORIENTED_EDGE('',*,*,#1876,.F.);
#2647=ORIENTED_EDGE('',*,*,#1888,.F.);
#2648=ORIENTED_EDGE('',*,*,#1886,.F.);
#2649=ORIENTED_EDGE('',*,*,#1888,.T.);
#2650=ORIENTED_EDGE('',*,*,#1875,.T.);
#2651=ORIENTED_EDGE('',*,*,#1720,.T.);
#2652=ORIENTED_EDGE('',*,*,#1887,.T.);
#2653=ORIENTED_EDGE('',*,*,#1889,.T.);
#2654=ORIENTED_EDGE('',*,*,#1890,.T.);
#2655=ORIENTED_EDGE('',*,*,#1891,.T.);
#2656=ORIENTED_EDGE('',*,*,#1884,.T.);
#2657=ORIENTED_EDGE('',*,*,#1881,.T.);
#2658=ORIENTED_EDGE('',*,*,#1885,.F.);
#2659=ORIENTED_EDGE('',*,*,#1891,.F.);
#2660=ORIENTED_EDGE('',*,*,#1892,.F.);
#2661=ORIENTED_EDGE('',*,*,#1893,.F.);
#2662=ORIENTED_EDGE('',*,*,#1878,.F.);
#2663=ORIENTED_EDGE('',*,*,#1894,.T.);
#2664=ORIENTED_EDGE('',*,*,#1895,.T.);
#2665=ORIENTED_EDGE('',*,*,#1896,.T.);
#2666=ORIENTED_EDGE('',*,*,#1897,.T.);
#2667=ORIENTED_EDGE('',*,*,#1890,.F.);
#2668=ORIENTED_EDGE('',*,*,#1898,.F.);
#2669=ORIENTED_EDGE('',*,*,#1899,.F.);
#2670=ORIENTED_EDGE('',*,*,#1892,.T.);
#2671=ORIENTED_EDGE('',*,*,#1900,.T.);
#2672=ORIENTED_EDGE('',*,*,#1901,.F.);
#2673=ORIENTED_EDGE('',*,*,#1902,.F.);
#2674=ORIENTED_EDGE('',*,*,#1903,.F.);
#2675=ORIENTED_EDGE('',*,*,#1904,.T.);
#2676=ORIENTED_EDGE('',*,*,#1905,.T.);
#2677=ORIENTED_EDGE('',*,*,#1906,.T.);
#2678=ORIENTED_EDGE('',*,*,#1907,.T.);
#2679=ORIENTED_EDGE('',*,*,#1908,.T.);
#2680=ORIENTED_EDGE('',*,*,#1903,.T.);
#2681=ORIENTED_EDGE('',*,*,#1909,.F.);
#2682=ORIENTED_EDGE('',*,*,#1910,.F.);
#2683=ORIENTED_EDGE('',*,*,#1911,.T.);
#2684=ORIENTED_EDGE('',*,*,#1912,.F.);
#2685=ORIENTED_EDGE('',*,*,#1913,.T.);
#2686=ORIENTED_EDGE('',*,*,#1901,.T.);
#2687=ORIENTED_EDGE('',*,*,#1694,.T.);
#2688=ORIENTED_EDGE('',*,*,#1696,.T.);
#2689=ORIENTED_EDGE('',*,*,#1686,.T.);
#2690=ORIENTED_EDGE('',*,*,#1683,.T.);
#2691=ORIENTED_EDGE('',*,*,#1889,.F.);
#2692=ORIENTED_EDGE('',*,*,#1883,.T.);
#2693=ORIENTED_EDGE('',*,*,#1872,.T.);
#2694=ORIENTED_EDGE('',*,*,#1874,.T.);
#2695=ORIENTED_EDGE('',*,*,#1914,.F.);
#2696=ORIENTED_EDGE('',*,*,#1898,.T.);
#2697=ORIENTED_EDGE('',*,*,#1910,.T.);
#2698=ORIENTED_EDGE('',*,*,#1915,.T.);
#2699=ORIENTED_EDGE('',*,*,#1912,.T.);
#2700=ORIENTED_EDGE('',*,*,#1916,.T.);
#2701=ORIENTED_EDGE('',*,*,#1914,.T.);
#2702=ORIENTED_EDGE('',*,*,#1879,.T.);
#2703=ORIENTED_EDGE('',*,*,#1893,.T.);
#2704=ORIENTED_EDGE('',*,*,#1899,.T.);
#2705=ORIENTED_EDGE('',*,*,#1917,.T.);
#2706=ORIENTED_EDGE('',*,*,#1918,.T.);
#2707=ORIENTED_EDGE('',*,*,#1919,.T.);
#2708=ORIENTED_EDGE('',*,*,#1920,.T.);
#2709=ORIENTED_EDGE('',*,*,#1921,.T.);
#2710=ORIENTED_EDGE('',*,*,#1922,.T.);
#2711=ORIENTED_EDGE('',*,*,#1923,.T.);
#2712=ORIENTED_EDGE('',*,*,#1924,.T.);
#2713=ORIENTED_EDGE('',*,*,#1919,.F.);
#2714=ORIENTED_EDGE('',*,*,#1925,.T.);
#2715=ORIENTED_EDGE('',*,*,#1904,.F.);
#2716=ORIENTED_EDGE('',*,*,#1908,.F.);
#2717=ORIENTED_EDGE('',*,*,#1916,.F.);
#2718=ORIENTED_EDGE('',*,*,#1911,.F.);
#2719=ORIENTED_EDGE('',*,*,#1900,.F.);
#2720=ORIENTED_EDGE('',*,*,#1926,.F.);
#2721=ORIENTED_EDGE('',*,*,#1920,.F.);
#2722=ORIENTED_EDGE('',*,*,#1926,.T.);
#2723=ORIENTED_EDGE('',*,*,#1907,.F.);
#2724=ORIENTED_EDGE('',*,*,#1927,.F.);
#2725=ORIENTED_EDGE('',*,*,#1922,.F.);
#2726=ORIENTED_EDGE('',*,*,#1928,.T.);
#2727=ORIENTED_EDGE('',*,*,#1929,.T.);
#2728=ORIENTED_EDGE('',*,*,#1930,.F.);
#2729=ORIENTED_EDGE('',*,*,#1923,.F.);
#2730=ORIENTED_EDGE('',*,*,#1927,.T.);
#2731=ORIENTED_EDGE('',*,*,#1906,.F.);
#2732=ORIENTED_EDGE('',*,*,#1931,.F.);
#2733=ORIENTED_EDGE('',*,*,#1902,.T.);
#2734=ORIENTED_EDGE('',*,*,#1913,.F.);
#2735=ORIENTED_EDGE('',*,*,#1915,.F.);
#2736=ORIENTED_EDGE('',*,*,#1909,.T.);
#2737=ORIENTED_EDGE('',*,*,#1932,.T.);
#2738=ORIENTED_EDGE('',*,*,#1933,.T.);
#2739=ORIENTED_EDGE('',*,*,#1934,.F.);
#2740=ORIENTED_EDGE('',*,*,#1924,.F.);
#2741=ORIENTED_EDGE('',*,*,#1931,.T.);
#2742=ORIENTED_EDGE('',*,*,#1905,.F.);
#2743=ORIENTED_EDGE('',*,*,#1925,.F.);
#2744=ORIENTED_EDGE('',*,*,#1918,.F.);
#2745=ORIENTED_EDGE('',*,*,#1917,.F.);
#2746=ORIENTED_EDGE('',*,*,#1930,.T.);
#2747=ORIENTED_EDGE('',*,*,#1935,.T.);
#2748=ORIENTED_EDGE('',*,*,#1932,.F.);
#2749=ORIENTED_EDGE('',*,*,#1921,.F.);
#2750=ORIENTED_EDGE('',*,*,#1934,.T.);
#2751=ORIENTED_EDGE('',*,*,#1936,.T.);
#2752=ORIENTED_EDGE('',*,*,#1928,.F.);
#2753=ORIENTED_EDGE('',*,*,#1936,.F.);
#2754=ORIENTED_EDGE('',*,*,#1933,.F.);
#2755=ORIENTED_EDGE('',*,*,#1935,.F.);
#2756=ORIENTED_EDGE('',*,*,#1929,.F.);
#2757=ORIENTED_EDGE('',*,*,#1937,.F.);
#2758=ORIENTED_EDGE('',*,*,#1938,.F.);
#2759=ORIENTED_EDGE('',*,*,#1939,.F.);
#2760=ORIENTED_EDGE('',*,*,#1940,.F.);
#2761=ORIENTED_EDGE('',*,*,#1940,.T.);
#2762=ORIENTED_EDGE('',*,*,#1941,.F.);
#2763=ORIENTED_EDGE('',*,*,#1895,.F.);
#2764=ORIENTED_EDGE('',*,*,#1942,.T.);
#2765=ORIENTED_EDGE('',*,*,#1939,.T.);
#2766=ORIENTED_EDGE('',*,*,#1943,.F.);
#2767=ORIENTED_EDGE('',*,*,#1896,.F.);
#2768=ORIENTED_EDGE('',*,*,#1941,.T.);
#2769=ORIENTED_EDGE('',*,*,#1937,.T.);
#2770=ORIENTED_EDGE('',*,*,#1942,.F.);
#2771=ORIENTED_EDGE('',*,*,#1894,.F.);
#2772=ORIENTED_EDGE('',*,*,#1944,.T.);
#2773=ORIENTED_EDGE('',*,*,#1938,.T.);
#2774=ORIENTED_EDGE('',*,*,#1944,.F.);
#2775=ORIENTED_EDGE('',*,*,#1897,.F.);
#2776=ORIENTED_EDGE('',*,*,#1943,.T.);
#2777=ORIENTED_EDGE('',*,*,#1945,.T.);
#2778=ORIENTED_EDGE('',*,*,#1946,.T.);
#2779=ORIENTED_EDGE('',*,*,#1947,.T.);
#2780=ORIENTED_EDGE('',*,*,#1948,.T.);
#2781=ORIENTED_EDGE('',*,*,#1947,.F.);
#2782=ORIENTED_EDGE('',*,*,#1949,.F.);
#2783=ORIENTED_EDGE('',*,*,#1950,.F.);
#2784=ORIENTED_EDGE('',*,*,#1951,.F.);
#2785=ORIENTED_EDGE('',*,*,#1952,.F.);
#2786=ORIENTED_EDGE('',*,*,#1953,.F.);
#2787=ORIENTED_EDGE('',*,*,#1954,.F.);
#2788=ORIENTED_EDGE('',*,*,#1955,.F.);
#2789=ORIENTED_EDGE('',*,*,#1956,.F.);
#2790=ORIENTED_EDGE('',*,*,#1957,.F.);
#2791=ORIENTED_EDGE('',*,*,#1958,.F.);
#2792=ORIENTED_EDGE('',*,*,#1959,.F.);
#2793=ORIENTED_EDGE('',*,*,#1960,.F.);
#2794=ORIENTED_EDGE('',*,*,#1961,.F.);
#2795=ORIENTED_EDGE('',*,*,#1946,.F.);
#2796=ORIENTED_EDGE('',*,*,#1962,.F.);
#2797=ORIENTED_EDGE('',*,*,#1963,.F.);
#2798=ORIENTED_EDGE('',*,*,#1949,.T.);
#2799=ORIENTED_EDGE('',*,*,#1964,.T.);
#2800=ORIENTED_EDGE('',*,*,#1965,.T.);
#2801=ORIENTED_EDGE('',*,*,#1950,.T.);
#2802=ORIENTED_EDGE('',*,*,#1963,.T.);
#2803=ORIENTED_EDGE('',*,*,#1966,.F.);
#2804=ORIENTED_EDGE('',*,*,#1967,.T.);
#2805=ORIENTED_EDGE('',*,*,#1968,.T.);
#2806=ORIENTED_EDGE('',*,*,#1969,.F.);
#2807=ORIENTED_EDGE('',*,*,#1970,.F.);
#2808=ORIENTED_EDGE('',*,*,#1971,.T.);
#2809=ORIENTED_EDGE('',*,*,#1972,.T.);
#2810=ORIENTED_EDGE('',*,*,#1967,.F.);
#2811=ORIENTED_EDGE('',*,*,#1973,.F.);
#2812=ORIENTED_EDGE('',*,*,#1974,.T.);
#2813=ORIENTED_EDGE('',*,*,#1975,.T.);
#2814=ORIENTED_EDGE('',*,*,#1971,.F.);
#2815=ORIENTED_EDGE('',*,*,#1976,.F.);
#2816=ORIENTED_EDGE('',*,*,#1969,.T.);
#2817=ORIENTED_EDGE('',*,*,#1977,.T.);
#2818=ORIENTED_EDGE('',*,*,#1974,.F.);
#2819=ORIENTED_EDGE('',*,*,#1977,.F.);
#2820=ORIENTED_EDGE('',*,*,#1968,.F.);
#2821=ORIENTED_EDGE('',*,*,#1972,.F.);
#2822=ORIENTED_EDGE('',*,*,#1975,.F.);
#2823=ORIENTED_EDGE('',*,*,#1978,.T.);
#2824=ORIENTED_EDGE('',*,*,#1979,.T.);
#2825=ORIENTED_EDGE('',*,*,#1980,.T.);
#2826=ORIENTED_EDGE('',*,*,#1981,.T.);
#2827=ORIENTED_EDGE('',*,*,#1978,.F.);
#2828=ORIENTED_EDGE('',*,*,#1982,.T.);
#2829=ORIENTED_EDGE('',*,*,#1983,.T.);
#2830=ORIENTED_EDGE('',*,*,#1984,.T.);
#2831=ORIENTED_EDGE('',*,*,#1985,.T.);
#2832=ORIENTED_EDGE('',*,*,#1986,.T.);
#2833=ORIENTED_EDGE('',*,*,#1983,.F.);
#2834=ORIENTED_EDGE('',*,*,#1987,.T.);
#2835=ORIENTED_EDGE('',*,*,#1985,.F.);
#2836=ORIENTED_EDGE('',*,*,#1988,.T.);
#2837=ORIENTED_EDGE('',*,*,#1989,.T.);
#2838=ORIENTED_EDGE('',*,*,#1990,.T.);
#2839=ORIENTED_EDGE('',*,*,#1991,.T.);
#2840=ORIENTED_EDGE('',*,*,#1992,.T.);
#2841=ORIENTED_EDGE('',*,*,#1989,.F.);
#2842=ORIENTED_EDGE('',*,*,#1993,.T.);
#2843=ORIENTED_EDGE('',*,*,#1991,.F.);
#2844=ORIENTED_EDGE('',*,*,#1994,.T.);
#2845=ORIENTED_EDGE('',*,*,#1995,.T.);
#2846=ORIENTED_EDGE('',*,*,#1996,.T.);
#2847=ORIENTED_EDGE('',*,*,#1997,.T.);
#2848=ORIENTED_EDGE('',*,*,#1998,.T.);
#2849=ORIENTED_EDGE('',*,*,#1995,.F.);
#2850=ORIENTED_EDGE('',*,*,#1999,.T.);
#2851=ORIENTED_EDGE('',*,*,#1997,.F.);
#2852=ORIENTED_EDGE('',*,*,#2000,.T.);
#2853=ORIENTED_EDGE('',*,*,#1980,.F.);
#2854=ORIENTED_EDGE('',*,*,#2001,.T.);
#2855=ORIENTED_EDGE('',*,*,#1996,.F.);
#2856=ORIENTED_EDGE('',*,*,#2002,.F.);
#2857=ORIENTED_EDGE('',*,*,#1956,.T.);
#2858=ORIENTED_EDGE('',*,*,#2003,.F.);
#2859=ORIENTED_EDGE('',*,*,#1998,.F.);
#2860=ORIENTED_EDGE('',*,*,#2004,.T.);
#2861=ORIENTED_EDGE('',*,*,#1957,.T.);
#2862=ORIENTED_EDGE('',*,*,#2002,.T.);
#2863=ORIENTED_EDGE('',*,*,#2001,.F.);
#2864=ORIENTED_EDGE('',*,*,#2005,.F.);
#2865=ORIENTED_EDGE('',*,*,#1958,.T.);
#2866=ORIENTED_EDGE('',*,*,#2004,.F.);
#2867=ORIENTED_EDGE('',*,*,#1979,.F.);
#2868=ORIENTED_EDGE('',*,*,#2006,.T.);
#2869=ORIENTED_EDGE('',*,*,#1959,.T.);
#2870=ORIENTED_EDGE('',*,*,#2005,.T.);
#2871=ORIENTED_EDGE('',*,*,#1981,.F.);
#2872=ORIENTED_EDGE('',*,*,#2000,.F.);
#2873=ORIENTED_EDGE('',*,*,#1999,.F.);
#2874=ORIENTED_EDGE('',*,*,#1994,.F.);
#2875=ORIENTED_EDGE('',*,*,#1993,.F.);
#2876=ORIENTED_EDGE('',*,*,#1988,.F.);
#2877=ORIENTED_EDGE('',*,*,#1987,.F.);
#2878=ORIENTED_EDGE('',*,*,#1982,.F.);
#2879=ORIENTED_EDGE('',*,*,#1966,.T.);
#2880=ORIENTED_EDGE('',*,*,#1976,.T.);
#2881=ORIENTED_EDGE('',*,*,#1973,.T.);
#2882=ORIENTED_EDGE('',*,*,#1970,.T.);
#2883=ORIENTED_EDGE('',*,*,#1984,.F.);
#2884=ORIENTED_EDGE('',*,*,#2007,.F.);
#2885=ORIENTED_EDGE('',*,*,#1960,.T.);
#2886=ORIENTED_EDGE('',*,*,#2006,.F.);
#2887=ORIENTED_EDGE('',*,*,#1986,.F.);
#2888=ORIENTED_EDGE('',*,*,#2008,.T.);
#2889=ORIENTED_EDGE('',*,*,#1961,.T.);
#2890=ORIENTED_EDGE('',*,*,#2007,.T.);
#2891=ORIENTED_EDGE('',*,*,#1990,.F.);
#2892=ORIENTED_EDGE('',*,*,#2009,.F.);
#2893=ORIENTED_EDGE('',*,*,#1954,.T.);
#2894=ORIENTED_EDGE('',*,*,#2008,.F.);
#2895=ORIENTED_EDGE('',*,*,#1992,.F.);
#2896=ORIENTED_EDGE('',*,*,#2003,.T.);
#2897=ORIENTED_EDGE('',*,*,#1955,.T.);
#2898=ORIENTED_EDGE('',*,*,#2009,.T.);
#2899=ORIENTED_EDGE('',*,*,#1965,.F.);
#2900=ORIENTED_EDGE('',*,*,#2010,.F.);
#2901=ORIENTED_EDGE('',*,*,#2011,.F.);
#2902=ORIENTED_EDGE('',*,*,#1951,.T.);
#2903=ORIENTED_EDGE('',*,*,#1952,.T.);
#2904=ORIENTED_EDGE('',*,*,#2011,.T.);
#2905=ORIENTED_EDGE('',*,*,#2012,.F.);
#2906=ORIENTED_EDGE('',*,*,#2013,.F.);
#2907=ORIENTED_EDGE('',*,*,#1948,.F.);
#2908=ORIENTED_EDGE('',*,*,#1953,.T.);
#2909=ORIENTED_EDGE('',*,*,#2013,.T.);
#2910=ORIENTED_EDGE('',*,*,#2014,.F.);
#2911=ORIENTED_EDGE('',*,*,#1945,.F.);
#2912=ORIENTED_EDGE('',*,*,#2014,.T.);
#2913=ORIENTED_EDGE('',*,*,#2012,.T.);
#2914=ORIENTED_EDGE('',*,*,#2010,.T.);
#2915=ORIENTED_EDGE('',*,*,#1964,.F.);
#2916=ORIENTED_EDGE('',*,*,#1962,.T.);
#2917=PLANE('',#3243);
#2918=PLANE('',#3244);
#2919=PLANE('',#3245);
#2920=PLANE('',#3246);
#2921=PLANE('',#3247);
#2922=PLANE('',#3248);
#2923=PLANE('',#3249);
#2924=PLANE('',#3250);
#2925=PLANE('',#3251);
#2926=PLANE('',#3252);
#2927=PLANE('',#3253);
#2928=PLANE('',#3254);
#2929=PLANE('',#3255);
#2930=PLANE('',#3256);
#2931=PLANE('',#3257);
#2932=PLANE('',#3258);
#2933=PLANE('',#3259);
#2934=PLANE('',#3260);
#2935=PLANE('',#3261);
#2936=PLANE('',#3262);
#2937=PLANE('',#3263);
#2938=PLANE('',#3264);
#2939=PLANE('',#3265);
#2940=PLANE('',#3266);
#2941=PLANE('',#3267);
#2942=PLANE('',#3268);
#2943=PLANE('',#3269);
#2944=PLANE('',#3270);
#2945=PLANE('',#3271);
#2946=PLANE('',#3272);
#2947=PLANE('',#3273);
#2948=PLANE('',#3274);
#2949=PLANE('',#3275);
#2950=PLANE('',#3276);
#2951=PLANE('',#3277);
#2952=PLANE('',#3278);
#2953=PLANE('',#3279);
#2954=PLANE('',#3280);
#2955=PLANE('',#3281);
#2956=PLANE('',#3282);
#2957=PLANE('',#3283);
#2958=PLANE('',#3284);
#2959=PLANE('',#3285);
#2960=PLANE('',#3286);
#2961=PLANE('',#3287);
#2962=PLANE('',#3291);
#2963=PLANE('',#3292);
#2964=PLANE('',#3293);
#2965=PLANE('',#3294);
#2966=PLANE('',#3295);
#2967=PLANE('',#3296);
#2968=PLANE('',#3297);
#2969=PLANE('',#3298);
#2970=PLANE('',#3299);
#2971=PLANE('',#3300);
#2972=PLANE('',#3301);
#2973=PLANE('',#3302);
#2974=PLANE('',#3327);
#2975=PLANE('',#3330);
#2976=PLANE('',#3333);
#2977=PLANE('',#3336);
#2978=PLANE('',#3339);
#2979=PLANE('',#3342);
#2980=PLANE('',#3349);
#2981=PLANE('',#3352);
#2982=PLANE('',#3355);
#2983=PLANE('',#3360);
#2984=PLANE('',#3365);
#2985=PLANE('',#3370);
#2986=PLANE('',#3373);
#2987=PLANE('',#3374);
#2988=PLANE('',#3377);
#2989=PLANE('',#3378);
#2990=PLANE('',#3379);
#2991=PLANE('',#3380);
#2992=PLANE('',#3381);
#2993=PLANE('',#3382);
#2994=PLANE('',#3383);
#2995=PLANE('',#3384);
#2996=PLANE('',#3385);
#2997=PLANE('',#3388);
#2998=PLANE('',#3391);
#2999=PLANE('',#3394);
#3000=PLANE('',#3397);
#3001=PLANE('',#3400);
#3002=PLANE('',#3403);
#3003=PLANE('',#3404);
#3004=PLANE('',#3405);
#3005=PLANE('',#3406);
#3006=PLANE('',#3407);
#3007=PLANE('',#3408);
#3008=PLANE('',#3412);
#3009=PLANE('',#3414);
#3010=PLANE('',#3415);
#3011=PLANE('',#3416);
#3012=PLANE('',#3417);
#3013=PLANE('',#3418);
#3014=PLANE('',#3421);
#3015=PLANE('',#3422);
#3016=PLANE('',#3423);
#3017=PLANE('',#3424);
#3018=PLANE('',#3425);
#3019=PLANE('',#3426);
#3020=PLANE('',#3427);
#3021=PLANE('',#3428);
#3022=PLANE('',#3429);
#3023=PLANE('',#3430);
#3024=PLANE('',#3431);
#3025=PLANE('',#3432);
#3026=PLANE('',#3433);
#3027=PLANE('',#3434);
#3028=PLANE('',#3438);
#3029=PLANE('',#3444);
#3030=PLANE('',#3447);
#3031=PLANE('',#3448);
#3032=PLANE('',#3449);
#3033=PLANE('',#3450);
#3034=PLANE('',#3451);
#3035=PLANE('',#3455);
#3036=PLANE('',#3459);
#3037=PLANE('',#3463);
#3038=PLANE('',#3467);
#3039=PLANE('',#3468);
#3040=PLANE('',#3470);
#3041=PLANE('',#3472);
#3042=PLANE('',#3473);
#3043=PLANE('',#3475);
#3044=PLANE('',#3477);
#3045=PLANE('',#3478);
#3046=PLANE('',#3479);
#3047=PLANE('',#3480);
#3048=ADVANCED_FACE('',(#154),#2917,.F.);
#3049=ADVANCED_FACE('',(#155),#2918,.F.);
#3050=ADVANCED_FACE('',(#156),#2919,.T.);
#3051=ADVANCED_FACE('',(#157),#2920,.T.);
#3052=ADVANCED_FACE('',(#158),#2921,.F.);
#3053=ADVANCED_FACE('',(#159),#2922,.T.);
#3054=ADVANCED_FACE('',(#160),#2923,.T.);
#3055=ADVANCED_FACE('',(#161),#2924,.F.);
#3056=ADVANCED_FACE('',(#162),#2925,.F.);
#3057=ADVANCED_FACE('',(#163),#2926,.F.);
#3058=ADVANCED_FACE('',(#164),#2927,.F.);
#3059=ADVANCED_FACE('',(#165),#2928,.F.);
#3060=ADVANCED_FACE('',(#166),#2929,.T.);
#3061=ADVANCED_FACE('',(#167),#2930,.T.);
#3062=ADVANCED_FACE('',(#168),#2931,.T.);
#3063=ADVANCED_FACE('',(#169),#2932,.T.);
#3064=ADVANCED_FACE('',(#170),#2933,.T.);
#3065=ADVANCED_FACE('',(#171),#2934,.T.);
#3066=ADVANCED_FACE('',(#172),#2935,.T.);
#3067=ADVANCED_FACE('',(#173),#2936,.T.);
#3068=ADVANCED_FACE('',(#174),#2937,.F.);
#3069=ADVANCED_FACE('',(#175),#2938,.F.);
#3070=ADVANCED_FACE('',(#176),#2939,.F.);
#3071=ADVANCED_FACE('',(#177),#2940,.T.);
#3072=ADVANCED_FACE('',(#178),#2941,.T.);
#3073=ADVANCED_FACE('',(#179),#2942,.T.);
#3074=ADVANCED_FACE('',(#180),#2943,.F.);
#3075=ADVANCED_FACE('',(#181),#2944,.F.);
#3076=ADVANCED_FACE('',(#182,#138),#2945,.F.);
#3077=ADVANCED_FACE('',(#183),#2946,.F.);
#3078=ADVANCED_FACE('',(#184),#2947,.F.);
#3079=ADVANCED_FACE('',(#185),#2948,.F.);
#3080=ADVANCED_FACE('',(#186),#2949,.F.);
#3081=ADVANCED_FACE('',(#187),#2950,.T.);
#3082=ADVANCED_FACE('',(#188),#2951,.T.);
#3083=ADVANCED_FACE('',(#189),#2952,.T.);
#3084=ADVANCED_FACE('',(#190),#2953,.T.);
#3085=ADVANCED_FACE('',(#191),#2954,.T.);
#3086=ADVANCED_FACE('',(#192),#2955,.T.);
#3087=ADVANCED_FACE('',(#193),#2956,.T.);
#3088=ADVANCED_FACE('',(#194),#2957,.T.);
#3089=ADVANCED_FACE('',(#195),#2958,.T.);
#3090=ADVANCED_FACE('',(#196),#2959,.T.);
#3091=ADVANCED_FACE('',(#197,#139),#2960,.T.);
#3092=ADVANCED_FACE('',(#198),#2961,.F.);
#3093=ADVANCED_FACE('',(#199),#2962,.F.);
#3094=ADVANCED_FACE('',(#200),#2963,.F.);
#3095=ADVANCED_FACE('',(#201),#2964,.F.);
#3096=ADVANCED_FACE('',(#202),#2965,.F.);
#3097=ADVANCED_FACE('',(#203),#2966,.T.);
#3098=ADVANCED_FACE('',(#204),#2967,.F.);
#3099=ADVANCED_FACE('',(#205),#2968,.F.);
#3100=ADVANCED_FACE('',(#206),#2969,.F.);
#3101=ADVANCED_FACE('',(#207),#2970,.F.);
#3102=ADVANCED_FACE('',(#208),#2971,.F.);
#3103=ADVANCED_FACE('',(#209,#140),#2972,.F.);
#3104=ADVANCED_FACE('',(#210,#141,#142,#143),#2973,.F.);
#3105=ADVANCED_FACE('',(#211),#2974,.F.);
#3106=ADVANCED_FACE('',(#212),#15,.F.);
#3107=ADVANCED_FACE('',(#213),#2975,.F.);
#3108=ADVANCED_FACE('',(#214),#16,.F.);
#3109=ADVANCED_FACE('',(#215),#2976,.F.);
#3110=ADVANCED_FACE('',(#216),#17,.F.);
#3111=ADVANCED_FACE('',(#217),#2977,.F.);
#3112=ADVANCED_FACE('',(#218),#18,.F.);
#3113=ADVANCED_FACE('',(#219),#2978,.F.);
#3114=ADVANCED_FACE('',(#220),#19,.F.);
#3115=ADVANCED_FACE('',(#221),#2979,.F.);
#3116=ADVANCED_FACE('',(#222),#20,.F.);
#3117=ADVANCED_FACE('',(#223),#21,.T.);
#3118=ADVANCED_FACE('',(#224),#22,.T.);
#3119=ADVANCED_FACE('',(#225),#2980,.T.);
#3120=ADVANCED_FACE('',(#226),#23,.T.);
#3121=ADVANCED_FACE('',(#227),#2981,.T.);
#3122=ADVANCED_FACE('',(#228),#24,.T.);
#3123=ADVANCED_FACE('',(#229),#2982,.T.);
#3124=ADVANCED_FACE('',(#230),#25,.T.);
#3125=ADVANCED_FACE('',(#231),#26,.T.);
#3126=ADVANCED_FACE('',(#232),#2983,.T.);
#3127=ADVANCED_FACE('',(#233),#27,.T.);
#3128=ADVANCED_FACE('',(#234),#28,.T.);
#3129=ADVANCED_FACE('',(#235),#2984,.T.);
#3130=ADVANCED_FACE('',(#236),#29,.T.);
#3131=ADVANCED_FACE('',(#237),#30,.T.);
#3132=ADVANCED_FACE('',(#238),#2985,.T.);
#3133=ADVANCED_FACE('',(#239),#31,.T.);
#3134=ADVANCED_FACE('',(#240),#2986,.T.);
#3135=ADVANCED_FACE('',(#241),#2987,.T.);
#3136=ADVANCED_FACE('',(#242),#32,.T.);
#3137=ADVANCED_FACE('',(#243),#2988,.T.);
#3138=ADVANCED_FACE('',(#244),#2989,.F.);
#3139=ADVANCED_FACE('',(#245,#144),#2990,.F.);
#3140=ADVANCED_FACE('',(#246),#2991,.F.);
#3141=ADVANCED_FACE('',(#247),#2992,.T.);
#3142=ADVANCED_FACE('',(#248),#2993,.F.);
#3143=ADVANCED_FACE('',(#249),#2994,.F.);
#3144=ADVANCED_FACE('',(#250),#2995,.F.);
#3145=ADVANCED_FACE('',(#251),#2996,.F.);
#3146=ADVANCED_FACE('',(#252),#33,.F.);
#3147=ADVANCED_FACE('',(#253),#2997,.F.);
#3148=ADVANCED_FACE('',(#254),#34,.F.);
#3149=ADVANCED_FACE('',(#255),#2998,.F.);
#3150=ADVANCED_FACE('',(#256),#35,.F.);
#3151=ADVANCED_FACE('',(#257),#2999,.F.);
#3152=ADVANCED_FACE('',(#258),#36,.F.);
#3153=ADVANCED_FACE('',(#259),#3000,.F.);
#3154=ADVANCED_FACE('',(#260),#37,.F.);
#3155=ADVANCED_FACE('',(#261),#3001,.F.);
#3156=ADVANCED_FACE('',(#262),#38,.F.);
#3157=ADVANCED_FACE('',(#263),#3002,.F.);
#3158=ADVANCED_FACE('',(#264),#3003,.T.);
#3159=ADVANCED_FACE('',(#265,#145,#146,#147),#3004,.T.);
#3160=ADVANCED_FACE('',(#266),#3005,.T.);
#3161=ADVANCED_FACE('',(#267),#3006,.F.);
#3162=ADVANCED_FACE('',(#268),#3007,.T.);
#3163=ADVANCED_FACE('',(#269),#39,.T.);
#3164=ADVANCED_FACE('',(#270,#148),#3008,.T.);
#3165=ADVANCED_FACE('',(#271),#3009,.T.);
#3166=ADVANCED_FACE('',(#272),#3010,.T.);
#3167=ADVANCED_FACE('',(#273),#3011,.F.);
#3168=ADVANCED_FACE('',(#274,#149),#3012,.F.);
#3169=ADVANCED_FACE('',(#275,#150),#3013,.T.);
#3170=ADVANCED_FACE('',(#276),#40,.T.);
#3171=ADVANCED_FACE('',(#277),#3014,.F.);
#3172=ADVANCED_FACE('',(#278),#3015,.F.);
#3173=ADVANCED_FACE('',(#279),#3016,.T.);
#3174=ADVANCED_FACE('',(#280),#3017,.T.);
#3175=ADVANCED_FACE('',(#281),#3018,.T.);
#3176=ADVANCED_FACE('',(#282),#3019,.F.);
#3177=ADVANCED_FACE('',(#283),#3020,.F.);
#3178=ADVANCED_FACE('',(#284),#3021,.F.);
#3179=ADVANCED_FACE('',(#285),#3022,.F.);
#3180=ADVANCED_FACE('',(#286,#151),#3023,.F.);
#3181=ADVANCED_FACE('',(#287),#3024,.F.);
#3182=ADVANCED_FACE('',(#288),#3025,.F.);
#3183=ADVANCED_FACE('',(#289),#3026,.F.);
#3184=ADVANCED_FACE('',(#290),#3027,.F.);
#3185=ADVANCED_FACE('',(#291),#41,.T.);
#3186=ADVANCED_FACE('',(#292,#152),#3028,.F.);
#3187=ADVANCED_FACE('',(#293),#3029,.T.);
#3188=ADVANCED_FACE('',(#294),#42,.T.);
#3189=ADVANCED_FACE('',(#295),#3030,.F.);
#3190=ADVANCED_FACE('',(#296),#3031,.F.);
#3191=ADVANCED_FACE('',(#297),#3032,.F.);
#3192=ADVANCED_FACE('',(#298),#3033,.F.);
#3193=ADVANCED_FACE('',(#299),#3034,.F.);
#3194=ADVANCED_FACE('',(#300),#11,.T.);
#3195=ADVANCED_FACE('',(#301),#3035,.T.);
#3196=ADVANCED_FACE('',(#302),#12,.T.);
#3197=ADVANCED_FACE('',(#303),#3036,.T.);
#3198=ADVANCED_FACE('',(#304),#13,.T.);
#3199=ADVANCED_FACE('',(#305),#3037,.T.);
#3200=ADVANCED_FACE('',(#306),#14,.T.);
#3201=ADVANCED_FACE('',(#307),#3038,.T.);
#3202=ADVANCED_FACE('',(#308),#3039,.F.);
#3203=ADVANCED_FACE('',(#309),#43,.T.);
#3204=ADVANCED_FACE('',(#310),#3040,.F.);
#3205=ADVANCED_FACE('',(#311),#44,.T.);
#3206=ADVANCED_FACE('',(#312,#153),#3041,.T.);
#3207=ADVANCED_FACE('',(#313),#3042,.F.);
#3208=ADVANCED_FACE('',(#314),#45,.T.);
#3209=ADVANCED_FACE('',(#315),#3043,.F.);
#3210=ADVANCED_FACE('',(#316),#46,.T.);
#3211=ADVANCED_FACE('',(#317),#3044,.T.);
#3212=ADVANCED_FACE('',(#318),#3045,.T.);
#3213=ADVANCED_FACE('',(#319),#3046,.T.);
#3214=ADVANCED_FACE('',(#320),#3047,.T.);
#3215=CLOSED_SHELL('',(#3048,#3049,#3050,#3051,#3052,#3053,#3054,#3055,
#3056,#3057,#3058,#3059,#3060,#3061,#3062,#3063,#3064,#3065,#3066,#3067,
#3068,#3069,#3070,#3071,#3072,#3073,#3074,#3075,#3076,#3077,#3078,#3079,
#3080,#3081,#3082,#3083,#3084,#3085,#3086,#3087,#3088,#3089,#3090,#3091,
#3092));
#3216=CLOSED_SHELL('',(#3093,#3094,#3095,#3096,#3097,#3098,#3099,#3100,
#3101,#3102,#3103,#3104,#3105,#3106,#3107,#3108,#3109,#3110,#3111,#3112,
#3113,#3114,#3115,#3116,#3117,#3118,#3119,#3120,#3121,#3122,#3123,#3124,
#3125,#3126,#3127,#3128,#3129,#3130,#3131,#3132,#3133,#3134,#3135,#3136,
#3137,#3138,#3139,#3140,#3141,#3142,#3143,#3144,#3145,#3146,#3147,#3148,
#3149,#3150,#3151,#3152,#3153,#3154,#3155,#3156,#3157,#3158,#3159,#3160,
#3161,#3162,#3163,#3164,#3165,#3166,#3167,#3168,#3169,#3170,#3171,#3172,
#3173,#3174,#3175,#3176,#3177,#3178,#3179,#3180,#3181,#3182,#3183,#3184));
#3217=CLOSED_SHELL('',(#3185,#3186,#3187,#3188,#3189,#3190,#3191,#3192,
#3193,#3194,#3195,#3196,#3197,#3198,#3199,#3200,#3201,#3202,#3203,#3204,
#3205,#3206,#3207,#3208,#3209,#3210,#3211,#3212,#3213,#3214));
#3218=DERIVED_UNIT_ELEMENT(#3222,1.);
#3219=DERIVED_UNIT_ELEMENT(#5280,-3.);
#3220=DERIVED_UNIT_ELEMENT(#3222,1.);
#3221=DERIVED_UNIT_ELEMENT(#5280,-3.);
#3222=(
MASS_UNIT()
NAMED_UNIT(*)
SI_UNIT(.KILO.,.GRAM.)
);
#3223=DERIVED_UNIT((#3218,#3219));
#3224=DERIVED_UNIT((#3220,#3221));
#3225=MEASURE_REPRESENTATION_ITEM('density measure',
POSITIVE_RATIO_MEASURE(7850.),#3223);
#3226=MEASURE_REPRESENTATION_ITEM('density measure',
POSITIVE_RATIO_MEASURE(7850.),#3224);
#3227=PROPERTY_DEFINITION_REPRESENTATION(#3237,#3231);
#3228=PROPERTY_DEFINITION_REPRESENTATION(#3238,#3232);
#3229=PROPERTY_DEFINITION_REPRESENTATION(#3239,#3233);
#3230=PROPERTY_DEFINITION_REPRESENTATION(#3240,#3234);
#3231=REPRESENTATION('material name',(#3235),#5275);
#3232=REPRESENTATION('density',(#3225),#5275);
#3233=REPRESENTATION('material name',(#3236),#5277);
#3234=REPRESENTATION('density',(#3226),#5277);
#3235=DESCRIPTIVE_REPRESENTATION_ITEM('Steel','Steel');
#3236=DESCRIPTIVE_REPRESENTATION_ITEM('Steel','Steel');
#3237=PROPERTY_DEFINITION('material property','material name',#5300);
#3238=PROPERTY_DEFINITION('material property','density of part',#5300);
#3239=PROPERTY_DEFINITION('material property','material name',#5302);
#3240=PROPERTY_DEFINITION('material property','density of part',#5302);
#3241=AXIS2_PLACEMENT_3D('',#4350,#3483,#3484);
#3242=AXIS2_PLACEMENT_3D('',#4351,#3485,#3486);
#3243=AXIS2_PLACEMENT_3D('',#4352,#3487,#3488);
#3244=AXIS2_PLACEMENT_3D('',#4365,#3495,#3496);
#3245=AXIS2_PLACEMENT_3D('',#4378,#3503,#3504);
#3246=AXIS2_PLACEMENT_3D('',#4384,#3508,#3509);
#3247=AXIS2_PLACEMENT_3D('',#4388,#3512,#3513);
#3248=AXIS2_PLACEMENT_3D('',#4392,#3516,#3517);
#3249=AXIS2_PLACEMENT_3D('',#4398,#3521,#3522);
#3250=AXIS2_PLACEMENT_3D('',#4402,#3525,#3526);
#3251=AXIS2_PLACEMENT_3D('',#4406,#3529,#3530);
#3252=AXIS2_PLACEMENT_3D('',#4415,#3535,#3536);
#3253=AXIS2_PLACEMENT_3D('',#4418,#3539,#3540);
#3254=AXIS2_PLACEMENT_3D('',#4427,#3545,#3546);
#3255=AXIS2_PLACEMENT_3D('',#4430,#3549,#3550);
#3256=AXIS2_PLACEMENT_3D('',#4442,#3557,#3558);
#3257=AXIS2_PLACEMENT_3D('',#4446,#3561,#3562);
#3258=AXIS2_PLACEMENT_3D('',#4450,#3565,#3566);
#3259=AXIS2_PLACEMENT_3D('',#4456,#3570,#3571);
#3260=AXIS2_PLACEMENT_3D('',#4460,#3574,#3575);
#3261=AXIS2_PLACEMENT_3D('',#4470,#3581,#3582);
#3262=AXIS2_PLACEMENT_3D('',#4481,#3589,#3590);
#3263=AXIS2_PLACEMENT_3D('',#4485,#3593,#3594);
#3264=AXIS2_PLACEMENT_3D('',#4489,#3597,#3598);
#3265=AXIS2_PLACEMENT_3D('',#4493,#3601,#3602);
#3266=AXIS2_PLACEMENT_3D('',#4496,#3605,#3606);
#3267=AXIS2_PLACEMENT_3D('',#4500,#3609,#3610);
#3268=AXIS2_PLACEMENT_3D('',#4502,#3612,#3613);
#3269=AXIS2_PLACEMENT_3D('',#4504,#3615,#3616);
#3270=AXIS2_PLACEMENT_3D('',#4506,#3618,#3619);
#3271=AXIS2_PLACEMENT_3D('',#4509,#3622,#3623);
#3272=AXIS2_PLACEMENT_3D('',#4518,#3628,#3629);
#3273=AXIS2_PLACEMENT_3D('',#4524,#3633,#3634);
#3274=AXIS2_PLACEMENT_3D('',#4528,#3637,#3638);
#3275=AXIS2_PLACEMENT_3D('',#4532,#3641,#3642);
#3276=AXIS2_PLACEMENT_3D('',#4534,#3644,#3645);
#3277=AXIS2_PLACEMENT_3D('',#4540,#3649,#3650);
#3278=AXIS2_PLACEMENT_3D('',#4546,#3654,#3655);
#3279=AXIS2_PLACEMENT_3D('',#4547,#3656,#3657);
#3280=AXIS2_PLACEMENT_3D('',#4553,#3661,#3662);
#3281=AXIS2_PLACEMENT_3D('',#4559,#3666,#3667);
#3282=AXIS2_PLACEMENT_3D('',#4565,#3671,#3672);
#3283=AXIS2_PLACEMENT_3D('',#4571,#3676,#3677);
#3284=AXIS2_PLACEMENT_3D('',#4577,#3681,#3682);
#3285=AXIS2_PLACEMENT_3D('',#4583,#3686,#3687);
#3286=AXIS2_PLACEMENT_3D('',#4586,#3690,#3691);
#3287=AXIS2_PLACEMENT_3D('',#4587,#3692,#3693);
#3288=AXIS2_PLACEMENT_3D('',#4588,#3694,#3695);
#3289=AXIS2_PLACEMENT_3D('',#4589,#3696,#3697);
#3290=AXIS2_PLACEMENT_3D('',#4590,#3698,#3699);
#3291=AXIS2_PLACEMENT_3D('',#4591,#3700,#3701);
#3292=AXIS2_PLACEMENT_3D('',#4600,#3706,#3707);
#3293=AXIS2_PLACEMENT_3D('',#4610,#3713,#3714);
#3294=AXIS2_PLACEMENT_3D('',#4620,#3720,#3721);
#3295=AXIS2_PLACEMENT_3D('',#4623,#3724,#3725);
#3296=AXIS2_PLACEMENT_3D('',#4633,#3731,#3732);
#3297=AXIS2_PLACEMENT_3D('',#4637,#3735,#3736);
#3298=AXIS2_PLACEMENT_3D('',#4646,#3741,#3742);
#3299=AXIS2_PLACEMENT_3D('',#4652,#3746,#3747);
#3300=AXIS2_PLACEMENT_3D('',#4661,#3752,#3753);
#3301=AXIS2_PLACEMENT_3D('',#4667,#3757,#3758);
#3302=AXIS2_PLACEMENT_3D('',#4682,#3767,#3768);
#3303=AXIS2_PLACEMENT_3D('',#4685,#3769,#3770);
#3304=AXIS2_PLACEMENT_3D('',#4687,#3771,#3772);
#3305=AXIS2_PLACEMENT_3D('',#4691,#3774,#3775);
#3306=AXIS2_PLACEMENT_3D('',#4693,#3776,#3777);
#3307=AXIS2_PLACEMENT_3D('',#4697,#3779,#3780);
#3308=AXIS2_PLACEMENT_3D('',#4701,#3782,#3783);
#3309=AXIS2_PLACEMENT_3D('',#4705,#3785,#3786);
#3310=AXIS2_PLACEMENT_3D('',#4707,#3787,#3788);
#3311=AXIS2_PLACEMENT_3D('',#4711,#3790,#3791);
#3312=AXIS2_PLACEMENT_3D('',#4713,#3792,#3793);
#3313=AXIS2_PLACEMENT_3D('',#4717,#3795,#3796);
#3314=AXIS2_PLACEMENT_3D('',#4721,#3798,#3799);
#3315=AXIS2_PLACEMENT_3D('',#4727,#3802,#3803);
#3316=AXIS2_PLACEMENT_3D('',#4731,#3805,#3806);
#3317=AXIS2_PLACEMENT_3D('',#4735,#3808,#3809);
#3318=AXIS2_PLACEMENT_3D('',#4738,#3811,#3812);
#3319=AXIS2_PLACEMENT_3D('',#4743,#3814,#3815);
#3320=AXIS2_PLACEMENT_3D('',#4747,#3817,#3818);
#3321=AXIS2_PLACEMENT_3D('',#4751,#3820,#3821);
#3322=AXIS2_PLACEMENT_3D('',#4754,#3823,#3824);
#3323=AXIS2_PLACEMENT_3D('',#4759,#3826,#3827);
#3324=AXIS2_PLACEMENT_3D('',#4763,#3829,#3830);
#3325=AXIS2_PLACEMENT_3D('',#4767,#3832,#3833);
#3326=AXIS2_PLACEMENT_3D('',#4770,#3835,#3836);
#3327=AXIS2_PLACEMENT_3D('',#4771,#3837,#3838);
#3328=AXIS2_PLACEMENT_3D('',#4777,#3842,#3843);
#3329=AXIS2_PLACEMENT_3D('',#4780,#3845,#3846);
#3330=AXIS2_PLACEMENT_3D('',#4781,#3847,#3848);
#3331=AXIS2_PLACEMENT_3D('',#4785,#3851,#3852);
#3332=AXIS2_PLACEMENT_3D('',#4788,#3854,#3855);
#3333=AXIS2_PLACEMENT_3D('',#4789,#3856,#3857);
#3334=AXIS2_PLACEMENT_3D('',#4795,#3861,#3862);
#3335=AXIS2_PLACEMENT_3D('',#4798,#3864,#3865);
#3336=AXIS2_PLACEMENT_3D('',#4799,#3866,#3867);
#3337=AXIS2_PLACEMENT_3D('',#4803,#3870,#3871);
#3338=AXIS2_PLACEMENT_3D('',#4806,#3873,#3874);
#3339=AXIS2_PLACEMENT_3D('',#4807,#3875,#3876);
#3340=AXIS2_PLACEMENT_3D('',#4813,#3880,#3881);
#3341=AXIS2_PLACEMENT_3D('',#4816,#3883,#3884);
#3342=AXIS2_PLACEMENT_3D('',#4817,#3885,#3886);
#3343=AXIS2_PLACEMENT_3D('',#4821,#3889,#3890);
#3344=AXIS2_PLACEMENT_3D('',#4824,#3892,#3893);
#3345=AXIS2_PLACEMENT_3D('',#4825,#3894,#3895);
#3346=AXIS2_PLACEMENT_3D('',#4829,#3897,#3898);
#3347=AXIS2_PLACEMENT_3D('',#4831,#3900,#3901);
#3348=AXIS2_PLACEMENT_3D('',#4834,#3903,#3904);
#3349=AXIS2_PLACEMENT_3D('',#4835,#3905,#3906);
#3350=AXIS2_PLACEMENT_3D('',#4839,#3909,#3910);
#3351=AXIS2_PLACEMENT_3D('',#4842,#3912,#3913);
#3352=AXIS2_PLACEMENT_3D('',#4843,#3914,#3915);
#3353=AXIS2_PLACEMENT_3D('',#4847,#3918,#3919);
#3354=AXIS2_PLACEMENT_3D('',#4850,#3921,#3922);
#3355=AXIS2_PLACEMENT_3D('',#4851,#3923,#3924);
#3356=AXIS2_PLACEMENT_3D('',#4855,#3927,#3928);
#3357=AXIS2_PLACEMENT_3D('',#4858,#3930,#3931);
#3358=AXIS2_PLACEMENT_3D('',#4859,#3932,#3933);
#3359=AXIS2_PLACEMENT_3D('',#4862,#3935,#3936);
#3360=AXIS2_PLACEMENT_3D('',#4863,#3937,#3938);
#3361=AXIS2_PLACEMENT_3D('',#4867,#3941,#3942);
#3362=AXIS2_PLACEMENT_3D('',#4871,#3944,#3945);
#3363=AXIS2_PLACEMENT_3D('',#4873,#3947,#3948);
#3364=AXIS2_PLACEMENT_3D('',#4877,#3950,#3951);
#3365=AXIS2_PLACEMENT_3D('',#4879,#3953,#3954);
#3366=AXIS2_PLACEMENT_3D('',#4883,#3957,#3958);
#3367=AXIS2_PLACEMENT_3D('',#4884,#3959,#3960);
#3368=AXIS2_PLACEMENT_3D('',#4885,#3961,#3962);
#3369=AXIS2_PLACEMENT_3D('',#4886,#3963,#3964);
#3370=AXIS2_PLACEMENT_3D('',#4887,#3965,#3966);
#3371=AXIS2_PLACEMENT_3D('',#4891,#3969,#3970);
#3372=AXIS2_PLACEMENT_3D('',#4893,#3971,#3972);
#3373=AXIS2_PLACEMENT_3D('',#4895,#3974,#3975);
#3374=AXIS2_PLACEMENT_3D('',#4899,#3978,#3979);
#3375=AXIS2_PLACEMENT_3D('',#4903,#3982,#3983);
#3376=AXIS2_PLACEMENT_3D('',#4904,#3984,#3985);
#3377=AXIS2_PLACEMENT_3D('',#4905,#3986,#3987);
#3378=AXIS2_PLACEMENT_3D('',#4910,#3991,#3992);
#3379=AXIS2_PLACEMENT_3D('',#4917,#3997,#3998);
#3380=AXIS2_PLACEMENT_3D('',#4923,#4002,#4003);
#3381=AXIS2_PLACEMENT_3D('',#4926,#4006,#4007);
#3382=AXIS2_PLACEMENT_3D('',#4928,#4009,#4010);
#3383=AXIS2_PLACEMENT_3D('',#4929,#4011,#4012);
#3384=AXIS2_PLACEMENT_3D('',#4930,#4013,#4014);
#3385=AXIS2_PLACEMENT_3D('',#4931,#4015,#4016);
#3386=AXIS2_PLACEMENT_3D('',#4935,#4019,#4020);
#3387=AXIS2_PLACEMENT_3D('',#4937,#4021,#4022);
#3388=AXIS2_PLACEMENT_3D('',#4939,#4024,#4025);
#3389=AXIS2_PLACEMENT_3D('',#4943,#4028,#4029);
#3390=AXIS2_PLACEMENT_3D('',#4944,#4030,#4031);
#3391=AXIS2_PLACEMENT_3D('',#4945,#4032,#4033);
#3392=AXIS2_PLACEMENT_3D('',#4949,#4036,#4037);
#3393=AXIS2_PLACEMENT_3D('',#4951,#4038,#4039);
#3394=AXIS2_PLACEMENT_3D('',#4953,#4041,#4042);
#3395=AXIS2_PLACEMENT_3D('',#4957,#4045,#4046);
#3396=AXIS2_PLACEMENT_3D('',#4958,#4047,#4048);
#3397=AXIS2_PLACEMENT_3D('',#4959,#4049,#4050);
#3398=AXIS2_PLACEMENT_3D('',#4963,#4053,#4054);
#3399=AXIS2_PLACEMENT_3D('',#4965,#4055,#4056);
#3400=AXIS2_PLACEMENT_3D('',#4967,#4058,#4059);
#3401=AXIS2_PLACEMENT_3D('',#4971,#4062,#4063);
#3402=AXIS2_PLACEMENT_3D('',#4972,#4064,#4065);
#3403=AXIS2_PLACEMENT_3D('',#4973,#4066,#4067);
#3404=AXIS2_PLACEMENT_3D('',#4979,#4071,#4072);
#3405=AXIS2_PLACEMENT_3D('',#4991,#4079,#4080);
#3406=AXIS2_PLACEMENT_3D('',#4997,#4084,#4085);
#3407=AXIS2_PLACEMENT_3D('',#5006,#4091,#4092);
#3408=AXIS2_PLACEMENT_3D('',#5008,#4094,#4095);
#3409=AXIS2_PLACEMENT_3D('',#5009,#4096,#4097);
#3410=AXIS2_PLACEMENT_3D('',#5011,#4098,#4099);
#3411=AXIS2_PLACEMENT_3D('',#5014,#4101,#4102);
#3412=AXIS2_PLACEMENT_3D('',#5015,#4103,#4104);
#3413=AXIS2_PLACEMENT_3D('',#5018,#4106,#4107);
#3414=AXIS2_PLACEMENT_3D('',#5027,#4112,#4113);
#3415=AXIS2_PLACEMENT_3D('',#5031,#4116,#4117);
#3416=AXIS2_PLACEMENT_3D('',#5048,#4126,#4127);
#3417=AXIS2_PLACEMENT_3D('',#5054,#4131,#4132);
#3418=AXIS2_PLACEMENT_3D('',#5060,#4136,#4137);
#3419=AXIS2_PLACEMENT_3D('',#5061,#4138,#4139);
#3420=AXIS2_PLACEMENT_3D('',#5064,#4142,#4143);
#3421=AXIS2_PLACEMENT_3D('',#5065,#4144,#4145);
#3422=AXIS2_PLACEMENT_3D('',#5074,#4150,#4151);
#3423=AXIS2_PLACEMENT_3D('',#5083,#4156,#4157);
#3424=AXIS2_PLACEMENT_3D('',#5086,#4160,#4161);
#3425=AXIS2_PLACEMENT_3D('',#5093,#4166,#4167);
#3426=AXIS2_PLACEMENT_3D('',#5095,#4169,#4170);
#3427=AXIS2_PLACEMENT_3D('',#5096,#4171,#4172);
#3428=AXIS2_PLACEMENT_3D('',#5102,#4176,#4177);
#3429=AXIS2_PLACEMENT_3D('',#5104,#4179,#4180);
#3430=AXIS2_PLACEMENT_3D('',#5106,#4182,#4183);
#3431=AXIS2_PLACEMENT_3D('',#5115,#4188,#4189);
#3432=AXIS2_PLACEMENT_3D('',#5118,#4192,#4193);
#3433=AXIS2_PLACEMENT_3D('',#5120,#4195,#4196);
#3434=AXIS2_PLACEMENT_3D('',#5122,#4198,#4199);
#3435=AXIS2_PLACEMENT_3D('',#5123,#4200,#4201);
#3436=AXIS2_PLACEMENT_3D('',#5126,#4202,#4203);
#3437=AXIS2_PLACEMENT_3D('',#5130,#4205,#4206);
#3438=AXIS2_PLACEMENT_3D('',#5132,#4208,#4209);
#3439=AXIS2_PLACEMENT_3D('',#5136,#4211,#4212);
#3440=AXIS2_PLACEMENT_3D('',#5146,#4217,#4218);
#3441=AXIS2_PLACEMENT_3D('',#5150,#4220,#4221);
#3442=AXIS2_PLACEMENT_3D('',#5154,#4223,#4224);
#3443=AXIS2_PLACEMENT_3D('',#5157,#4226,#4227);
#3444=AXIS2_PLACEMENT_3D('',#5158,#4228,#4229);
#3445=AXIS2_PLACEMENT_3D('',#5162,#4232,#4233);
#3446=AXIS2_PLACEMENT_3D('',#5164,#4234,#4235);
#3447=AXIS2_PLACEMENT_3D('',#5166,#4237,#4238);
#3448=AXIS2_PLACEMENT_3D('',#5175,#4243,#4244);
#3449=AXIS2_PLACEMENT_3D('',#5181,#4248,#4249);
#3450=AXIS2_PLACEMENT_3D('',#5187,#4253,#4254);
#3451=AXIS2_PLACEMENT_3D('',#5190,#4257,#4258);
#3452=AXIS2_PLACEMENT_3D('',#5191,#4259,#4260);
#3453=AXIS2_PLACEMENT_3D('',#5196,#4262,#4263);
#3454=AXIS2_PLACEMENT_3D('',#5199,#4265,#4266);
#3455=AXIS2_PLACEMENT_3D('',#5200,#4267,#4268);
#3456=AXIS2_PLACEMENT_3D('',#5206,#4272,#4273);
#3457=AXIS2_PLACEMENT_3D('',#5210,#4275,#4276);
#3458=AXIS2_PLACEMENT_3D('',#5211,#4277,#4278);
#3459=AXIS2_PLACEMENT_3D('',#5212,#4279,#4280);
#3460=AXIS2_PLACEMENT_3D('',#5218,#4284,#4285);
#3461=AXIS2_PLACEMENT_3D('',#5222,#4287,#4288);
#3462=AXIS2_PLACEMENT_3D('',#5223,#4289,#4290);
#3463=AXIS2_PLACEMENT_3D('',#5224,#4291,#4292);
#3464=AXIS2_PLACEMENT_3D('',#5230,#4296,#4297);
#3465=AXIS2_PLACEMENT_3D('',#5234,#4299,#4300);
#3466=AXIS2_PLACEMENT_3D('',#5235,#4301,#4302);
#3467=AXIS2_PLACEMENT_3D('',#5236,#4303,#4304);
#3468=AXIS2_PLACEMENT_3D('',#5239,#4307,#4308);
#3469=AXIS2_PLACEMENT_3D('',#5242,#4311,#4312);
#3470=AXIS2_PLACEMENT_3D('',#5244,#4314,#4315);
#3471=AXIS2_PLACEMENT_3D('',#5246,#4317,#4318);
#3472=AXIS2_PLACEMENT_3D('',#5248,#4320,#4321);
#3473=AXIS2_PLACEMENT_3D('',#5249,#4322,#4323);
#3474=AXIS2_PLACEMENT_3D('',#5251,#4325,#4326);
#3475=AXIS2_PLACEMENT_3D('',#5253,#4328,#4329);
#3476=AXIS2_PLACEMENT_3D('',#5255,#4331,#4332);
#3477=AXIS2_PLACEMENT_3D('',#5256,#4333,#4334);
#3478=AXIS2_PLACEMENT_3D('',#5260,#4337,#4338);
#3479=AXIS2_PLACEMENT_3D('',#5264,#4341,#4342);
#3480=AXIS2_PLACEMENT_3D('',#5266,#4344,#4345);
#3481=AXIS2_PLACEMENT_3D('',#5267,#4346,#4347);
#3482=AXIS2_PLACEMENT_3D('',#5268,#4348,#4349);
#3483=DIRECTION('axis',(0.,0.,1.));
#3484=DIRECTION('refdir',(1.,0.,0.));
#3485=DIRECTION('axis',(0.,0.,1.));
#3486=DIRECTION('refdir',(1.,0.,0.));
#3487=DIRECTION('center_axis',(0.,0.,-1.));
#3488=DIRECTION('ref_axis',(-1.,0.,0.));
#3489=DIRECTION('',(1.,0.,0.));
#3490=DIRECTION('',(0.,1.,0.));
#3491=DIRECTION('',(1.,0.,0.));
#3492=DIRECTION('',(0.,1.,0.));
#3493=DIRECTION('',(-1.,0.,0.));
#3494=DIRECTION('',(0.,-1.,0.));
#3495=DIRECTION('center_axis',(0.,0.,-1.));
#3496=DIRECTION('ref_axis',(-1.,0.,0.));
#3497=DIRECTION('',(1.,0.,0.));
#3498=DIRECTION('',(0.,1.,0.));
#3499=DIRECTION('',(-1.,0.,0.));
#3500=DIRECTION('',(0.,-1.,0.));
#3501=DIRECTION('',(1.,0.,0.));
#3502=DIRECTION('',(0.,-1.,0.));
#3503=DIRECTION('center_axis',(0.,1.,0.));
#3504=DIRECTION('ref_axis',(-1.,0.,1.38777878078145E-17));
#3505=DIRECTION('',(0.,0.,1.));
#3506=DIRECTION('',(1.,0.,-7.57956624109938E-9));
#3507=DIRECTION('',(0.,0.,1.));
#3508=DIRECTION('center_axis',(-1.,0.,0.));
#3509=DIRECTION('ref_axis',(0.,-1.,0.));
#3510=DIRECTION('',(0.,0.,-1.));
#3511=DIRECTION('',(0.,1.,0.));
#3512=DIRECTION('center_axis',(0.,-1.,0.));
#3513=DIRECTION('ref_axis',(-1.,0.,0.));
#3514=DIRECTION('',(0.,0.,1.));
#3515=DIRECTION('',(-1.,0.,0.));
#3516=DIRECTION('center_axis',(0.,-1.,0.));
#3517=DIRECTION('ref_axis',(1.,0.,-1.38777878078145E-17));
#3518=DIRECTION('',(0.,0.,1.));
#3519=DIRECTION('',(-1.,0.,7.57956624109938E-9));
#3520=DIRECTION('',(0.,0.,1.));
#3521=DIRECTION('center_axis',(-1.,0.,0.));
#3522=DIRECTION('ref_axis',(0.,-1.,0.));
#3523=DIRECTION('',(0.,0.,-1.));
#3524=DIRECTION('',(0.,1.,0.));
#3525=DIRECTION('center_axis',(0.,-1.,0.));
#3526=DIRECTION('ref_axis',(-1.,0.,0.));
#3527=DIRECTION('',(0.,0.,1.));
#3528=DIRECTION('',(-1.,0.,0.));
#3529=DIRECTION('center_axis',(0.,1.,0.));
#3530=DIRECTION('ref_axis',(1.,0.,0.));
#3531=DIRECTION('',(1.,0.,0.));
#3532=DIRECTION('',(0.,0.,1.));
#3533=DIRECTION('',(1.,0.,0.));
#3534=DIRECTION('',(0.,0.,-1.));
#3535=DIRECTION('center_axis',(0.,0.,-1.));
#3536=DIRECTION('ref_axis',(-1.,0.,0.));
#3537=DIRECTION('',(0.,-1.,0.));
#3538=DIRECTION('',(0.,1.,0.));
#3539=DIRECTION('center_axis',(0.,1.,0.));
#3540=DIRECTION('ref_axis',(1.,0.,0.));
#3541=DIRECTION('',(1.,0.,0.));
#3542=DIRECTION('',(0.,0.,1.));
#3543=DIRECTION('',(1.,0.,0.));
#3544=DIRECTION('',(0.,0.,-1.));
#3545=DIRECTION('center_axis',(0.,0.,-1.));
#3546=DIRECTION('ref_axis',(-1.,0.,0.));
#3547=DIRECTION('',(0.,-1.,0.));
#3548=DIRECTION('',(0.,1.,0.));
#3549=DIRECTION('center_axis',(-1.,0.,0.));
#3550=DIRECTION('ref_axis',(0.,-1.,0.));
#3551=DIRECTION('',(0.,-1.,0.));
#3552=DIRECTION('',(0.,0.,-1.));
#3553=DIRECTION('',(0.,1.,0.));
#3554=DIRECTION('',(0.,0.,-1.));
#3555=DIRECTION('',(0.,1.,0.));
#3556=DIRECTION('',(0.,1.,0.));
#3557=DIRECTION('center_axis',(0.,0.,1.));
#3558=DIRECTION('ref_axis',(1.,0.,0.));
#3559=DIRECTION('',(0.,-1.,0.));
#3560=DIRECTION('',(1.,0.,0.));
#3561=DIRECTION('center_axis',(1.,0.,0.));
#3562=DIRECTION('ref_axis',(0.,1.,0.));
#3563=DIRECTION('',(0.,-1.,0.));
#3564=DIRECTION('',(0.,0.,-1.));
#3565=DIRECTION('center_axis',(-1.,0.,0.));
#3566=DIRECTION('ref_axis',(0.,-1.,0.));
#3567=DIRECTION('',(0.,1.,0.));
#3568=DIRECTION('',(0.,0.,1.));
#3569=DIRECTION('',(0.,1.,0.));
#3570=DIRECTION('center_axis',(0.,0.,1.));
#3571=DIRECTION('ref_axis',(1.,0.,0.));
#3572=DIRECTION('',(0.,1.,0.));
#3573=DIRECTION('',(1.,0.,0.));
#3574=DIRECTION('center_axis',(1.,0.,0.));
#3575=DIRECTION('ref_axis',(0.,1.,0.));
#3576=DIRECTION('',(0.,-1.,0.));
#3577=DIRECTION('',(0.,1.,0.));
#3578=DIRECTION('',(0.,0.,1.));
#3579=DIRECTION('',(0.,1.,0.));
#3580=DIRECTION('',(0.,0.,1.));
#3581=DIRECTION('center_axis',(0.,-1.,0.));
#3582=DIRECTION('ref_axis',(1.,0.,0.));
#3583=DIRECTION('',(-1.,0.,7.57956624109938E-9));
#3584=DIRECTION('',(0.,0.,1.));
#3585=DIRECTION('',(1.,0.,0.));
#3586=DIRECTION('',(0.,0.,1.));
#3587=DIRECTION('',(-1.,0.,7.57956624109938E-9));
#3588=DIRECTION('',(1.,0.,0.));
#3589=DIRECTION('center_axis',(1.,0.,0.));
#3590=DIRECTION('ref_axis',(0.,1.,0.));
#3591=DIRECTION('',(0.,0.,1.));
#3592=DIRECTION('',(0.,-1.,0.));
#3593=DIRECTION('center_axis',(1.,0.,0.));
#3594=DIRECTION('ref_axis',(0.,-1.,0.));
#3595=DIRECTION('',(0.,-1.,0.));
#3596=DIRECTION('',(0.,0.,-1.));
#3597=DIRECTION('center_axis',(-1.,0.,0.));
#3598=DIRECTION('ref_axis',(0.,1.,0.));
#3599=DIRECTION('',(0.,1.,0.));
#3600=DIRECTION('',(0.,0.,-1.));
#3601=DIRECTION('center_axis',(0.,0.,-1.));
#3602=DIRECTION('ref_axis',(-1.,0.,0.));
#3603=DIRECTION('',(-1.,0.,7.57956624109938E-9));
#3604=DIRECTION('',(1.,0.,-7.57956624109938E-9));
#3605=DIRECTION('center_axis',(0.,1.,0.));
#3606=DIRECTION('ref_axis',(-1.,0.,1.38777878078145E-17));
#3607=DIRECTION('',(1.,0.,-7.57956624109938E-9));
#3608=DIRECTION('',(0.,0.,1.));
#3609=DIRECTION('center_axis',(0.,-1.,0.));
#3610=DIRECTION('ref_axis',(1.,0.,-1.38777878078145E-17));
#3611=DIRECTION('',(-1.,0.,7.57956624109938E-9));
#3612=DIRECTION('center_axis',(1.,0.,0.));
#3613=DIRECTION('ref_axis',(0.,1.,0.));
#3614=DIRECTION('',(0.,-1.,0.));
#3615=DIRECTION('center_axis',(0.,0.,1.));
#3616=DIRECTION('ref_axis',(1.,0.,0.));
#3617=DIRECTION('',(1.,0.,0.));
#3618=DIRECTION('center_axis',(0.,0.,-1.));
#3619=DIRECTION('ref_axis',(-1.,0.,0.));
#3620=DIRECTION('',(-1.,0.,7.57956624109938E-9));
#3621=DIRECTION('',(-1.,0.,0.));
#3622=DIRECTION('center_axis',(0.,1.,0.));
#3623=DIRECTION('ref_axis',(0.,0.,1.));
#3624=DIRECTION('',(0.,0.,1.));
#3625=DIRECTION('',(1.,0.,0.));
#3626=DIRECTION('',(0.,0.,-1.));
#3627=DIRECTION('',(-1.,0.,0.));
#3628=DIRECTION('center_axis',(0.,0.,-1.));
#3629=DIRECTION('ref_axis',(1.,0.,0.));
#3630=DIRECTION('',(0.,-1.,0.));
#3631=DIRECTION('',(1.,0.,0.));
#3632=DIRECTION('',(0.,-1.,0.));
#3633=DIRECTION('center_axis',(1.,0.,0.));
#3634=DIRECTION('ref_axis',(0.,0.,1.));
#3635=DIRECTION('',(0.,-1.,0.));
#3636=DIRECTION('',(0.,0.,1.));
#3637=DIRECTION('center_axis',(-1.,0.,0.));
#3638=DIRECTION('ref_axis',(0.,0.,-1.));
#3639=DIRECTION('',(0.,0.,-1.));
#3640=DIRECTION('',(0.,-1.,0.));
#3641=DIRECTION('center_axis',(0.,0.,1.));
#3642=DIRECTION('ref_axis',(-1.,0.,0.));
#3643=DIRECTION('',(-1.,0.,0.));
#3644=DIRECTION('center_axis',(7.57956624109938E-9,0.,1.));
#3645=DIRECTION('ref_axis',(-1.,0.,7.57956624109938E-9));
#3646=DIRECTION('',(0.,-1.,0.));
#3647=DIRECTION('',(-1.,2.03093865328078E-9,7.57956624109938E-9));
#3648=DIRECTION('',(0.,-1.,0.));
#3649=DIRECTION('center_axis',(0.,0.,1.));
#3650=DIRECTION('ref_axis',(1.,0.,0.));
#3651=DIRECTION('',(0.,1.,6.68655520302856E-26));
#3652=DIRECTION('',(-1.,0.,0.));
#3653=DIRECTION('',(0.,-1.,0.));
#3654=DIRECTION('center_axis',(7.57956624109938E-9,0.,1.));
#3655=DIRECTION('ref_axis',(-1.,0.,7.57956624109938E-9));
#3656=DIRECTION('center_axis',(1.,0.,0.));
#3657=DIRECTION('ref_axis',(0.,0.,1.));
#3658=DIRECTION('',(0.,0.258819045102521,0.965925826289068));
#3659=DIRECTION('',(0.,-1.,0.));
#3660=DIRECTION('',(0.,0.,1.));
#3661=DIRECTION('center_axis',(1.51591318739915E-8,0.,1.));
#3662=DIRECTION('ref_axis',(-1.,-8.30090184429849E-47,1.51591318739915E-8));
#3663=DIRECTION('',(-1.,4.06187714359291E-9,1.51591318739915E-8));
#3664=DIRECTION('',(0.,-1.,0.));
#3665=DIRECTION('',(-1.,-8.30090184429849E-47,1.51591318739915E-8));
#3666=DIRECTION('center_axis',(0.81915198572204,0.,-0.573576519993313));
#3667=DIRECTION('ref_axis',(0.573576519993313,6.34234177525492E-34,0.81915198572204));
#3668=DIRECTION('',(0.560240094643427,0.214387649535231,0.80010560058075));
#3669=DIRECTION('',(0.,-1.,0.));
#3670=DIRECTION('',(0.573576519993313,6.34234177525492E-34,0.81915198572204));
#3671=DIRECTION('center_axis',(0.,0.,-1.));
#3672=DIRECTION('ref_axis',(1.,5.75375809628482E-33,0.));
#3673=DIRECTION('',(1.,0.,0.));
#3674=DIRECTION('',(0.,-1.,0.));
#3675=DIRECTION('',(1.,5.75375809628482E-33,0.));
#3676=DIRECTION('center_axis',(-0.819152044288993,0.,-0.573576436351045));
#3677=DIRECTION('ref_axis',(0.573576436351044,-1.70068181063898E-31,-0.819152044288993));
#3678=DIRECTION('',(0.56024001110492,-0.214387664158805,-0.800105655156674));
#3679=DIRECTION('',(0.,-1.,0.));
#3680=DIRECTION('',(0.573576436351044,-1.70068181063898E-31,-0.819152044288993));
#3681=DIRECTION('center_axis',(-1.64193314147546E-15,0.,1.));
#3682=DIRECTION('ref_axis',(-1.,0.,-1.64193314147546E-15));
#3683=DIRECTION('',(-1.,-4.39954659284246E-16,-1.64193314147546E-15));
#3684=DIRECTION('',(0.,-1.,0.));
#3685=DIRECTION('',(-1.,0.,-1.64193314147546E-15));
#3686=DIRECTION('center_axis',(-1.,0.,0.));
#3687=DIRECTION('ref_axis',(0.,0.,-1.));
#3688=DIRECTION('',(0.,-0.258819045102521,-0.965925826289068));
#3689=DIRECTION('',(0.,0.,-1.));
#3690=DIRECTION('center_axis',(0.,1.,0.));
#3691=DIRECTION('ref_axis',(-1.,0.,0.));
#3692=DIRECTION('center_axis',(0.,0.965925826289068,-0.258819045102521));
#3693=DIRECTION('ref_axis',(0.,0.258819045102521,0.965925826289068));
#3694=DIRECTION('axis',(0.,0.,1.));
#3695=DIRECTION('refdir',(1.,0.,0.));
#3696=DIRECTION('axis',(0.,0.,1.));
#3697=DIRECTION('refdir',(1.,0.,0.));
#3698=DIRECTION('',(0.,0.,1.));
#3699=DIRECTION('',(1.,0.,0.));
#3700=DIRECTION('center_axis',(0.,-1.,0.));
#3701=DIRECTION('ref_axis',(-1.,0.,0.));
#3702=DIRECTION('',(1.,0.,0.));
#3703=DIRECTION('',(0.,0.,-1.));
#3704=DIRECTION('',(-1.,0.,0.));
#3705=DIRECTION('',(0.,0.,-1.));
#3706=DIRECTION('center_axis',(1.,0.,0.));
#3707=DIRECTION('ref_axis',(0.,-1.,0.));
#3708=DIRECTION('',(0.,1.,2.22044604925031E-16));
#3709=DIRECTION('',(0.,-1.,-2.22044604925031E-16));
#3710=DIRECTION('',(0.,0.,-1.));
#3711=DIRECTION('',(0.,1.,0.));
#3712=DIRECTION('',(0.,2.22044604925031E-16,-1.));
#3713=DIRECTION('center_axis',(-1.,0.,0.));
#3714=DIRECTION('ref_axis',(0.,1.,0.));
#3715=DIRECTION('',(0.,-1.,-2.22044604925031E-16));
#3716=DIRECTION('',(0.,-2.22044604925031E-16,1.));
#3717=DIRECTION('',(0.,-1.,0.));
#3718=DIRECTION('',(0.,0.,-1.));
#3719=DIRECTION('',(0.,1.,2.22044604925031E-16));
#3720=DIRECTION('center_axis',(0.,1.,0.));
#3721=DIRECTION('ref_axis',(1.,0.,0.));
#3722=DIRECTION('',(-1.,0.,0.));
#3723=DIRECTION('',(1.,0.,0.));
#3724=DIRECTION('center_axis',(0.,2.22044604925031E-16,-1.));
#3725=DIRECTION('ref_axis',(1.,0.,0.));
#3726=DIRECTION('',(1.,0.,0.));
#3727=DIRECTION('',(0.,-1.,-2.22044604925031E-16));
#3728=DIRECTION('',(-1.,0.,0.));
#3729=DIRECTION('',(0.,1.,2.22044604925031E-16));
#3730=DIRECTION('',(1.,0.,0.));
#3731=DIRECTION('center_axis',(0.,1.,2.22044604925031E-16));
#3732=DIRECTION('ref_axis',(-1.,0.,0.));
#3733=DIRECTION('',(1.,0.,0.));
#3734=DIRECTION('',(0.,-2.22044604925031E-16,1.));
#3735=DIRECTION('center_axis',(-0.819152044288992,0.,-0.573576436351046));
#3736=DIRECTION('ref_axis',(0.573576436351046,0.,-0.819152044288992));
#3737=DIRECTION('',(0.560240011104921,-0.214387664158805,-0.800105655156673));
#3738=DIRECTION('',(0.,-1.,-2.22044604925031E-16));
#3739=DIRECTION('',(0.573576436351046,1.81888292047681E-16,-0.819152044288992));
#3740=DIRECTION('',(0.,-1.,0.));
#3741=DIRECTION('center_axis',(0.,0.,1.));
#3742=DIRECTION('ref_axis',(-1.,0.,0.));
#3743=DIRECTION('',(0.,1.,0.));
#3744=DIRECTION('',(-1.,0.,0.));
#3745=DIRECTION('',(-1.,0.,0.));
#3746=DIRECTION('center_axis',(1.51591324630942E-8,0.,1.));
#3747=DIRECTION('ref_axis',(-1.,0.,1.51591324630942E-8));
#3748=DIRECTION('',(0.,-1.,0.));
#3749=DIRECTION('',(-1.,-3.36600357877396E-24,1.51591324630942E-8));
#3750=DIRECTION('',(0.,-1.,0.));
#3751=DIRECTION('',(-1.,4.06187730144249E-9,1.51591324630942E-8));
#3752=DIRECTION('center_axis',(0.819152035594071,0.,-0.57357644876868));
#3753=DIRECTION('ref_axis',(0.57357644876868,0.,0.819152035594071));
#3754=DIRECTION('',(0.560240023507151,0.214387661987771,0.800105647054265));
#3755=DIRECTION('',(0.57357644876868,-1.81888290117021E-16,0.819152035594071));
#3756=DIRECTION('',(0.,1.,2.22044604925031E-16));
#3757=DIRECTION('center_axis',(0.,-1.,-2.22044604925031E-16));
#3758=DIRECTION('ref_axis',(1.,0.,0.));
#3759=DIRECTION('',(1.,0.,0.));
#3760=DIRECTION('',(0.,-2.22044604925031E-16,1.));
#3761=DIRECTION('',(1.,0.,0.));
#3762=DIRECTION('',(0.,2.22044604925031E-16,-1.));
#3763=DIRECTION('',(1.,0.,0.));
#3764=DIRECTION('',(0.,-2.22044604925031E-16,1.));
#3765=DIRECTION('',(-1.,0.,0.));
#3766=DIRECTION('',(0.,2.22044604925031E-16,-1.));
#3767=DIRECTION('center_axis',(-8.4972791550861E-17,-0.382683432365089,
0.923879532511287));
#3768=DIRECTION('ref_axis',(-3.86090121010178E-17,-0.923879532511287,-0.382683432365089));
#3769=DIRECTION('center_axis',(-8.4972791550861E-17,-0.382683432365089,
0.923879532511287));
#3770=DIRECTION('ref_axis',(-1.,3.56700760506109E-17,1.47750292710427E-17));
#3771=DIRECTION('center_axis',(-8.4972791550861E-17,-0.382683432365089,
0.923879532511287));
#3772=DIRECTION('ref_axis',(-3.86090121010177E-17,-0.923879532511287,-0.38268343236509));
#3773=DIRECTION('',(1.,8.96141411862865E-17,1.290932794715E-16));
#3774=DIRECTION('center_axis',(-8.4972791550861E-17,-0.382683432365089,
0.923879532511287));
#3775=DIRECTION('ref_axis',(-1.,8.87780707698991E-17,-1.13439011850702E-16));
#3776=DIRECTION('center_axis',(-8.4972791550861E-17,-0.382683432365089,
0.923879532511287));
#3777=DIRECTION('ref_axis',(-3.86090121010178E-17,-0.923879532511287,-0.382683432365089));
#3778=DIRECTION('',(1.,-2.25989652344162E-16,-1.63409214520884E-18));
#3779=DIRECTION('center_axis',(-8.4972791550861E-17,-0.382683432365089,
0.923879532511287));
#3780=DIRECTION('ref_axis',(-1.,3.56700760506109E-17,1.47750292710427E-17));
#3781=DIRECTION('',(-3.86090121010178E-17,-0.923879532511287,-0.382683432365089));
#3782=DIRECTION('center_axis',(-8.4972791550861E-17,-0.382683432365089,
0.923879532511287));
#3783=DIRECTION('ref_axis',(3.86090121010178E-17,0.923879532511287,0.382683432365089));
#3784=DIRECTION('',(-1.,6.81877555789376E-17,-6.37295936631458E-17));
#3785=DIRECTION('center_axis',(-8.4972791550861E-17,-0.382683432365089,
0.923879532511287));
#3786=DIRECTION('ref_axis',(1.,-3.56700760506109E-17,-1.47750292710427E-17));
#3787=DIRECTION('center_axis',(-8.4972791550861E-17,-0.382683432365089,
0.923879532511287));
#3788=DIRECTION('ref_axis',(3.86090121010177E-17,0.923879532511287,0.38268343236509));
#3789=DIRECTION('',(-1.,6.81877555789376E-17,-6.37295936631458E-17));
#3790=DIRECTION('center_axis',(-8.4972791550861E-17,-0.382683432365089,
0.923879532511287));
#3791=DIRECTION('ref_axis',(1.,-8.87780707698991E-17,1.13439011850702E-16));
#3792=DIRECTION('center_axis',(-8.4972791550861E-17,-0.382683432365089,
0.923879532511287));
#3793=DIRECTION('ref_axis',(3.86090121010178E-17,0.923879532511287,0.382683432365089));
#3794=DIRECTION('',(-1.,6.81877555789376E-17,-6.37295936631458E-17));
#3795=DIRECTION('center_axis',(-8.4972791550861E-17,-0.382683432365089,
0.923879532511287));
#3796=DIRECTION('ref_axis',(1.,-3.56700760506109E-17,-1.47750292710427E-17));
#3797=DIRECTION('',(3.86090121010178E-17,0.923879532511287,0.382683432365089));
#3798=DIRECTION('center_axis',(-8.4972791550861E-17,-0.382683432365089,
0.923879532511287));
#3799=DIRECTION('ref_axis',(-3.86090121010178E-17,-0.923879532511287,-0.382683432365089));
#3800=DIRECTION('',(1.,8.96141411862865E-17,1.290932794715E-16));
#3801=DIRECTION('',(-3.86090121010178E-17,-0.923879532511287,-0.382683432365089));
#3802=DIRECTION('center_axis',(8.4972791550861E-17,0.382683432365089,-0.923879532511287));
#3803=DIRECTION('ref_axis',(1.,-3.56700760506109E-17,-1.47750292710427E-17));
#3804=DIRECTION('',(1.,-6.81877555789376E-17,6.37295936631458E-17));
#3805=DIRECTION('center_axis',(8.4972791550861E-17,0.382683432365089,-0.923879532511287));
#3806=DIRECTION('ref_axis',(3.86090121010178E-17,0.923879532511287,0.382683432365089));
#3807=DIRECTION('',(3.86090121010178E-17,0.923879532511287,0.382683432365089));
#3808=DIRECTION('center_axis',(8.4972791550861E-17,0.382683432365089,-0.923879532511287));
#3809=DIRECTION('ref_axis',(-1.,3.56700760506109E-17,1.47750292710427E-17));
#3810=DIRECTION('',(-1.,2.25989652344162E-16,1.63409214520884E-18));
#3811=DIRECTION('center_axis',(8.4972791550861E-17,0.382683432365089,-0.923879532511287));
#3812=DIRECTION('ref_axis',(-3.86090121010178E-17,-0.923879532511287,-0.382683432365089));
#3813=DIRECTION('',(1.,-6.81877555789376E-17,6.37295936631458E-17));
#3814=DIRECTION('center_axis',(8.4972791550861E-17,0.382683432365089,-0.923879532511287));
#3815=DIRECTION('ref_axis',(3.86090121010177E-17,0.923879532511287,0.38268343236509));
#3816=DIRECTION('',(3.86090121010178E-17,0.923879532511287,0.382683432365089));
#3817=DIRECTION('center_axis',(8.4972791550861E-17,0.382683432365089,-0.923879532511287));
#3818=DIRECTION('ref_axis',(-1.,8.87780707698991E-17,-1.13439011850702E-16));
#3819=DIRECTION('',(-1.,-8.96141411862865E-17,-1.290932794715E-16));
#3820=DIRECTION('center_axis',(8.4972791550861E-17,0.382683432365089,-0.923879532511287));
#3821=DIRECTION('ref_axis',(-3.86090121010177E-17,-0.923879532511287,-0.38268343236509));
#3822=DIRECTION('',(-3.86090121010178E-17,-0.923879532511287,-0.382683432365089));
#3823=DIRECTION('center_axis',(8.4972791550861E-17,0.382683432365089,-0.923879532511287));
#3824=DIRECTION('ref_axis',(1.,-8.87780707698991E-17,1.13439011850702E-16));
#3825=DIRECTION('',(-3.86090121010178E-17,-0.923879532511287,-0.382683432365089));
#3826=DIRECTION('center_axis',(8.4972791550861E-17,0.382683432365089,-0.923879532511287));
#3827=DIRECTION('ref_axis',(1.,-3.56700760506109E-17,-1.47750292710427E-17));
#3828=DIRECTION('',(1.,-6.81877555789376E-17,6.37295936631458E-17));
#3829=DIRECTION('center_axis',(8.4972791550861E-17,0.382683432365089,-0.923879532511287));
#3830=DIRECTION('ref_axis',(3.86090121010178E-17,0.923879532511287,0.382683432365089));
#3831=DIRECTION('',(3.86090121010178E-17,0.923879532511287,0.382683432365089));
#3832=DIRECTION('center_axis',(8.4972791550861E-17,0.382683432365089,-0.923879532511287));
#3833=DIRECTION('ref_axis',(-1.,3.56700760506109E-17,1.47750292710427E-17));
#3834=DIRECTION('',(-1.,-8.96141411862865E-17,-1.290932794715E-16));
#3835=DIRECTION('center_axis',(8.4972791550861E-17,0.382683432365089,-0.923879532511287));
#3836=DIRECTION('ref_axis',(-3.86090121010178E-17,-0.923879532511287,-0.382683432365089));
#3837=DIRECTION('center_axis',(-1.,3.56700760506109E-17,1.47750292710428E-17));
#3838=DIRECTION('ref_axis',(3.86090121010178E-17,0.923879532511287,0.382683432365089));
#3839=DIRECTION('',(0.,0.382683432365089,-0.923879532511287));
#3840=DIRECTION('',(3.86090121010178E-17,0.923879532511287,0.382683432365089));
#3841=DIRECTION('',(0.,0.382683432365089,-0.923879532511287));
#3842=DIRECTION('center_axis',(0.,0.382683432365089,-0.923879532511287));
#3843=DIRECTION('ref_axis',(3.86090121010178E-17,0.923879532511287,0.382683432365089));
#3844=DIRECTION('',(0.,0.382683432365089,-0.923879532511287));
#3845=DIRECTION('center_axis',(0.,0.382683432365089,-0.923879532511287));
#3846=DIRECTION('ref_axis',(3.86090121010178E-17,0.923879532511287,0.382683432365089));
#3847=DIRECTION('center_axis',(3.86090121010177E-17,0.923879532511287,0.382683432365089));
#3848=DIRECTION('ref_axis',(1.,-6.81877555789376E-17,6.37295936631458E-17));
#3849=DIRECTION('',(0.,0.382683432365089,-0.923879532511287));
#3850=DIRECTION('',(1.,-3.56700760506109E-17,-1.47750292710427E-17));
#3851=DIRECTION('center_axis',(0.,0.382683432365089,-0.923879532511287));
#3852=DIRECTION('ref_axis',(1.,-3.56700760506109E-17,-1.47750292710427E-17));
#3853=DIRECTION('',(0.,0.382683432365089,-0.923879532511287));
#3854=DIRECTION('center_axis',(0.,0.382683432365089,-0.923879532511287));
#3855=DIRECTION('ref_axis',(1.,-3.56700760506109E-17,-1.47750292710427E-17));
#3856=DIRECTION('center_axis',(1.32194530149006E-16,-0.923879532511287,
-0.382683432365089));
#3857=DIRECTION('ref_axis',(-1.,-8.96141411862865E-17,-1.290932794715E-16));
#3858=DIRECTION('',(1.38777878078145E-16,0.38268343236509,-0.923879532511287));
#3859=DIRECTION('',(-1.,-1.22131820714613E-16,-5.0588656537312E-17));
#3860=DIRECTION('',(1.38777878078145E-16,0.38268343236509,-0.923879532511287));
#3861=DIRECTION('center_axis',(1.38777878078144E-16,0.382683432365089,-0.923879532511287));
#3862=DIRECTION('ref_axis',(-1.,8.87780707698991E-17,-1.13439011850702E-16));
#3863=DIRECTION('',(1.38777878078145E-16,0.38268343236509,-0.923879532511287));
#3864=DIRECTION('center_axis',(0.,0.382683432365089,-0.923879532511287));
#3865=DIRECTION('ref_axis',(-1.,8.87780707698991E-17,-1.13439011850702E-16));
#3866=DIRECTION('center_axis',(-1.,8.8778070769899E-17,-1.13439011850702E-16));
#3867=DIRECTION('ref_axis',(3.86090121010178E-17,0.923879532511287,0.382683432365089));
#3868=DIRECTION('',(1.38777878078145E-16,0.38268343236509,-0.923879532511287));
#3869=DIRECTION('',(3.86090121010177E-17,0.923879532511287,0.382683432365089));
#3870=DIRECTION('center_axis',(1.38777878078144E-16,0.382683432365089,-0.923879532511287));
#3871=DIRECTION('ref_axis',(3.86090121010177E-17,0.923879532511287,0.38268343236509));
#3872=DIRECTION('',(1.38777878078145E-16,0.38268343236509,-0.923879532511287));
#3873=DIRECTION('center_axis',(0.,0.382683432365089,-0.923879532511287));
#3874=DIRECTION('ref_axis',(3.86090121010177E-17,0.923879532511287,0.38268343236509));
#3875=DIRECTION('center_axis',(-1.,3.56700760506109E-17,1.47750292710428E-17));
#3876=DIRECTION('ref_axis',(3.86090121010178E-17,0.923879532511287,0.382683432365089));
#3877=DIRECTION('',(0.,0.382683432365089,-0.923879532511287));
#3878=DIRECTION('',(3.86090121010178E-17,0.923879532511287,0.382683432365089));
#3879=DIRECTION('',(0.,0.382683432365089,-0.923879532511287));
#3880=DIRECTION('center_axis',(0.,0.382683432365089,-0.923879532511287));
#3881=DIRECTION('ref_axis',(3.86090121010178E-17,0.923879532511287,0.382683432365089));
#3882=DIRECTION('',(0.,0.382683432365089,-0.923879532511287));
#3883=DIRECTION('center_axis',(0.,0.382683432365089,-0.923879532511287));
#3884=DIRECTION('ref_axis',(3.86090121010178E-17,0.923879532511287,0.382683432365089));
#3885=DIRECTION('center_axis',(3.86090121010177E-17,0.923879532511287,0.382683432365089));
#3886=DIRECTION('ref_axis',(1.,-6.81877555789376E-17,6.37295936631458E-17));
#3887=DIRECTION('',(0.,0.382683432365089,-0.923879532511287));
#3888=DIRECTION('',(1.,-3.56700760506109E-17,-1.47750292710427E-17));
#3889=DIRECTION('center_axis',(0.,0.382683432365089,-0.923879532511287));
#3890=DIRECTION('ref_axis',(1.,-3.56700760506109E-17,-1.47750292710427E-17));
#3891=DIRECTION('',(0.,0.382683432365089,-0.923879532511287));
#3892=DIRECTION('center_axis',(0.,0.382683432365089,-0.923879532511287));
#3893=DIRECTION('ref_axis',(1.,-3.56700760506109E-17,-1.47750292710427E-17));
#3894=DIRECTION('center_axis',(1.38777878078144E-16,0.382683432365089,-0.923879532511287));
#3895=DIRECTION('ref_axis',(3.86090121010177E-17,0.923879532511287,0.38268343236509));
#3896=DIRECTION('',(0.,-0.382683432365089,0.923879532511287));
#3897=DIRECTION('center_axis',(0.,0.382683432365089,-0.923879532511287));
#3898=DIRECTION('ref_axis',(3.86090121010177E-17,0.923879532511287,0.38268343236509));
#3899=DIRECTION('',(1.38777878078145E-16,0.38268343236509,-0.923879532511287));
#3900=DIRECTION('center_axis',(0.,0.382683432365089,-0.923879532511287));
#3901=DIRECTION('ref_axis',(1.,-3.56700760506109E-17,-1.47750292710427E-17));
#3902=DIRECTION('',(0.,0.382683432365089,-0.923879532511287));
#3903=DIRECTION('center_axis',(0.,0.382683432365089,-0.923879532511287));
#3904=DIRECTION('ref_axis',(1.,-3.56700760506109E-17,-1.47750292710427E-17));
#3905=DIRECTION('center_axis',(3.86090121010177E-17,0.923879532511287,0.382683432365089));
#3906=DIRECTION('ref_axis',(1.,-6.81877555789376E-17,6.37295936631458E-17));
#3907=DIRECTION('',(0.,0.382683432365089,-0.923879532511287));
#3908=DIRECTION('',(1.,-3.56700760506109E-17,-1.47750292710427E-17));
#3909=DIRECTION('center_axis',(0.,0.382683432365089,-0.923879532511287));
#3910=DIRECTION('ref_axis',(3.86090121010178E-17,0.923879532511287,0.382683432365089));
#3911=DIRECTION('',(0.,0.382683432365089,-0.923879532511287));
#3912=DIRECTION('center_axis',(0.,0.382683432365089,-0.923879532511287));
#3913=DIRECTION('ref_axis',(3.86090121010178E-17,0.923879532511287,0.382683432365089));
#3914=DIRECTION('center_axis',(-1.,3.56700760506109E-17,1.47750292710428E-17));
#3915=DIRECTION('ref_axis',(3.86090121010178E-17,0.923879532511287,0.382683432365089));
#3916=DIRECTION('',(0.,0.382683432365089,-0.923879532511287));
#3917=DIRECTION('',(3.86090121010178E-17,0.923879532511287,0.382683432365089));
#3918=DIRECTION('center_axis',(0.,0.382683432365089,-0.923879532511287));
#3919=DIRECTION('ref_axis',(-1.,3.56700760506109E-17,1.47750292710427E-17));
#3920=DIRECTION('',(0.,0.382683432365089,-0.923879532511287));
#3921=DIRECTION('center_axis',(0.,0.382683432365089,-0.923879532511287));
#3922=DIRECTION('ref_axis',(-1.,3.56700760506109E-17,1.47750292710427E-17));
#3923=DIRECTION('center_axis',(-2.09412554351042E-16,-0.923879532511287,
-0.382683432365089));
#3924=DIRECTION('ref_axis',(-1.,2.25989652344162E-16,1.63409214520881E-18));
#3925=DIRECTION('',(0.,0.382683432365089,-0.923879532511287));
#3926=DIRECTION('',(-1.,1.93471972815835E-16,8.01387150793975E-17));
#3927=DIRECTION('center_axis',(0.,0.382683432365089,-0.923879532511287));
#3928=DIRECTION('ref_axis',(-3.86090121010178E-17,-0.923879532511287,-0.382683432365089));
#3929=DIRECTION('',(0.,0.382683432365089,-0.923879532511287));
#3930=DIRECTION('center_axis',(0.,0.382683432365089,-0.923879532511287));
#3931=DIRECTION('ref_axis',(-3.86090121010178E-17,-0.923879532511287,-0.382683432365089));
#3932=DIRECTION('center_axis',(1.38777878078144E-16,0.382683432365089,-0.923879532511287));
#3933=DIRECTION('ref_axis',(-1.,8.87780707698991E-17,-1.13439011850702E-16));
#3934=DIRECTION('',(1.38777878078145E-16,0.38268343236509,-0.923879532511287));
#3935=DIRECTION('center_axis',(0.,0.382683432365089,-0.923879532511287));
#3936=DIRECTION('ref_axis',(-1.,8.87780707698991E-17,-1.13439011850702E-16));
#3937=DIRECTION('center_axis',(1.32194530149006E-16,-0.923879532511287,
-0.382683432365089));
#3938=DIRECTION('ref_axis',(-1.,-8.96141411862865E-17,-1.290932794715E-16));
#3939=DIRECTION('',(1.38777878078145E-16,0.38268343236509,-0.923879532511287));
#3940=DIRECTION('',(-1.,-1.22131820714613E-16,-5.0588656537312E-17));
#3941=DIRECTION('center_axis',(0.,0.382683432365089,-0.923879532511287));
#3942=DIRECTION('ref_axis',(3.86090121010178E-17,0.923879532511287,0.382683432365089));
#3943=DIRECTION('',(-1.38777878078145E-16,-0.38268343236509,0.923879532511287));
#3944=DIRECTION('center_axis',(0.,0.382683432365089,-0.923879532511287));
#3945=DIRECTION('ref_axis',(3.86090121010178E-17,0.923879532511287,0.382683432365089));
#3946=DIRECTION('',(0.,0.382683432365089,-0.923879532511287));
#3947=DIRECTION('center_axis',(0.,0.382683432365089,-0.923879532511287));
#3948=DIRECTION('ref_axis',(-1.,3.56700760506109E-17,1.47750292710427E-17));
#3949=DIRECTION('',(0.,0.382683432365089,-0.923879532511287));
#3950=DIRECTION('center_axis',(0.,0.382683432365089,-0.923879532511287));
#3951=DIRECTION('ref_axis',(-1.,3.56700760506109E-17,1.47750292710427E-17));
#3952=DIRECTION('',(1.38777878078145E-16,0.38268343236509,-0.923879532511287));
#3953=DIRECTION('center_axis',(3.86090121010177E-17,0.923879532511287,0.382683432365089));
#3954=DIRECTION('ref_axis',(1.,-6.81877555789376E-17,6.37295936631458E-17));
#3955=DIRECTION('',(1.,-3.56700760506109E-17,-1.47750292710427E-17));
#3956=DIRECTION('',(1.38777878078145E-16,0.38268343236509,-0.923879532511287));
#3957=DIRECTION('center_axis',(1.38777878078144E-16,0.382683432365089,-0.923879532511287));
#3958=DIRECTION('ref_axis',(-3.86090121010177E-17,-0.923879532511287,-0.38268343236509));
#3959=DIRECTION('center_axis',(0.,0.382683432365089,-0.923879532511287));
#3960=DIRECTION('ref_axis',(-3.86090121010177E-17,-0.923879532511287,-0.38268343236509));
#3961=DIRECTION('center_axis',(1.38777878078144E-16,0.382683432365089,-0.923879532511287));
#3962=DIRECTION('ref_axis',(1.,-8.87780707698991E-17,1.13439011850702E-16));
#3963=DIRECTION('center_axis',(0.,0.382683432365089,-0.923879532511287));
#3964=DIRECTION('ref_axis',(1.,-8.87780707698991E-17,1.13439011850702E-16));
#3965=DIRECTION('center_axis',(3.86090121010177E-17,0.923879532511287,0.382683432365089));
#3966=DIRECTION('ref_axis',(1.,-6.81877555789376E-17,6.37295936631458E-17));
#3967=DIRECTION('',(1.,-3.56700760506109E-17,-1.47750292710427E-17));
#3968=DIRECTION('',(0.,0.382683432365089,-0.923879532511287));
#3969=DIRECTION('center_axis',(0.,0.382683432365089,-0.923879532511287));
#3970=DIRECTION('ref_axis',(1.,-3.56700760506109E-17,-1.47750292710427E-17));
#3971=DIRECTION('center_axis',(0.,0.382683432365089,-0.923879532511287));
#3972=DIRECTION('ref_axis',(1.,-3.56700760506109E-17,-1.47750292710427E-17));
#3973=DIRECTION('',(0.,0.382683432365089,-0.923879532511287));
#3974=DIRECTION('center_axis',(1.,-3.56700760506109E-17,-1.47750292710428E-17));
#3975=DIRECTION('ref_axis',(-3.86090121010178E-17,-0.923879532511287,-0.382683432365089));
#3976=DIRECTION('',(-3.86090121010178E-17,-0.923879532511287,-0.382683432365089));
#3977=DIRECTION('',(0.,0.382683432365089,-0.923879532511287));
#3978=DIRECTION('center_axis',(1.32194530149006E-16,-0.923879532511287,
-0.382683432365089));
#3979=DIRECTION('ref_axis',(-1.,-8.96141411862865E-17,-1.290932794715E-16));
#3980=DIRECTION('',(0.,0.382683432365089,-0.923879532511287));
#3981=DIRECTION('',(-1.,-1.22131820714613E-16,-5.0588656537312E-17));
#3982=DIRECTION('center_axis',(0.,0.382683432365089,-0.923879532511287));
#3983=DIRECTION('ref_axis',(-3.86090121010178E-17,-0.923879532511287,-0.382683432365089));
#3984=DIRECTION('center_axis',(0.,0.382683432365089,-0.923879532511287));
#3985=DIRECTION('ref_axis',(-3.86090121010178E-17,-0.923879532511287,-0.382683432365089));
#3986=DIRECTION('center_axis',(0.,0.,-1.));
#3987=DIRECTION('ref_axis',(-1.,0.,0.));
#3988=DIRECTION('',(1.,0.,0.));
#3989=DIRECTION('',(0.,1.,0.));
#3990=DIRECTION('',(0.,-1.,0.));
#3991=DIRECTION('center_axis',(-1.,0.,0.));
#3992=DIRECTION('ref_axis',(0.,-2.22044604925031E-16,1.));
#3993=DIRECTION('',(0.,2.22044604925031E-16,-1.));
#3994=DIRECTION('',(0.,-2.22044604925031E-16,1.));
#3995=DIRECTION('',(0.,0.923879532511287,0.382683432365089));
#3996=DIRECTION('',(0.,-0.258819045102521,-0.965925826289068));
#3997=DIRECTION('center_axis',(0.,-0.382683432365089,0.923879532511287));
#3998=DIRECTION('ref_axis',(1.,0.,0.));
#3999=DIRECTION('',(0.,0.923879532511287,0.382683432365089));
#4000=DIRECTION('',(-1.,0.,0.));
#4001=DIRECTION('',(1.,0.,0.));
#4002=DIRECTION('center_axis',(1.,0.,0.));
#4003=DIRECTION('ref_axis',(0.,2.22044604925031E-16,-1.));
#4004=DIRECTION('',(0.,0.258819045102521,0.965925826289068));
#4005=DIRECTION('',(0.,2.22044604925031E-16,-1.));
#4006=DIRECTION('center_axis',(0.,0.965925826289068,-0.258819045102521));
#4007=DIRECTION('ref_axis',(0.,0.258819045102521,0.965925826289068));
#4008=DIRECTION('',(-1.,0.,0.));
#4009=DIRECTION('center_axis',(0.,2.22044604925031E-16,-1.));
#4010=DIRECTION('ref_axis',(-1.,0.,0.));
#4011=DIRECTION('center_axis',(0.,-1.,-2.22044604925031E-16));
#4012=DIRECTION('ref_axis',(1.,0.,0.));
#4013=DIRECTION('center_axis',(0.,1.,2.22044604925031E-16));
#4014=DIRECTION('ref_axis',(-1.,0.,0.));
#4015=DIRECTION('center_axis',(1.,-3.56700760506109E-17,-1.47750292710428E-17));
#4016=DIRECTION('ref_axis',(-3.86090121010178E-17,-0.923879532511287,-0.382683432365089));
#4017=DIRECTION('',(0.,0.382683432365089,-0.923879532511287));
#4018=DIRECTION('',(-3.86090121010178E-17,-0.923879532511287,-0.382683432365089));
#4019=DIRECTION('center_axis',(0.,0.382683432365089,-0.923879532511287));
#4020=DIRECTION('ref_axis',(-1.,3.56700760506109E-17,1.47750292710427E-17));
#4021=DIRECTION('center_axis',(0.,0.382683432365089,-0.923879532511287));
#4022=DIRECTION('ref_axis',(-1.,3.56700760506109E-17,1.47750292710427E-17));
#4023=DIRECTION('',(0.,0.382683432365089,-0.923879532511287));
#4024=DIRECTION('center_axis',(-2.09412554351042E-16,-0.923879532511287,
-0.382683432365089));
#4025=DIRECTION('ref_axis',(-1.,2.25989652344162E-16,1.63409214520881E-18));
#4026=DIRECTION('',(-1.,1.93471972815835E-16,8.01387150793975E-17));
#4027=DIRECTION('',(0.,0.382683432365089,-0.923879532511287));
#4028=DIRECTION('center_axis',(0.,0.382683432365089,-0.923879532511287));
#4029=DIRECTION('ref_axis',(-3.86090121010178E-17,-0.923879532511287,-0.382683432365089));
#4030=DIRECTION('center_axis',(0.,0.382683432365089,-0.923879532511287));
#4031=DIRECTION('ref_axis',(-3.86090121010178E-17,-0.923879532511287,-0.382683432365089));
#4032=DIRECTION('center_axis',(3.86090121010177E-17,0.923879532511287,0.382683432365089));
#4033=DIRECTION('ref_axis',(1.,-6.81877555789376E-17,6.37295936631458E-17));
#4034=DIRECTION('',(1.38777878078145E-16,0.38268343236509,-0.923879532511287));
#4035=DIRECTION('',(1.,-3.56700760506109E-17,-1.47750292710427E-17));
#4036=DIRECTION('center_axis',(1.38777878078144E-16,0.382683432365089,-0.923879532511287));
#4037=DIRECTION('ref_axis',(-3.86090121010177E-17,-0.923879532511287,-0.38268343236509));
#4038=DIRECTION('center_axis',(0.,0.382683432365089,-0.923879532511287));
#4039=DIRECTION('ref_axis',(-3.86090121010177E-17,-0.923879532511287,-0.38268343236509));
#4040=DIRECTION('',(1.38777878078145E-16,0.38268343236509,-0.923879532511287));
#4041=DIRECTION('center_axis',(1.,-8.8778070769899E-17,1.13439011850702E-16));
#4042=DIRECTION('ref_axis',(-3.86090121010178E-17,-0.923879532511287,-0.382683432365089));
#4043=DIRECTION('',(-3.86090121010177E-17,-0.923879532511287,-0.382683432365089));
#4044=DIRECTION('',(1.38777878078145E-16,0.38268343236509,-0.923879532511287));
#4045=DIRECTION('center_axis',(1.38777878078144E-16,0.382683432365089,-0.923879532511287));
#4046=DIRECTION('ref_axis',(1.,-8.87780707698991E-17,1.13439011850702E-16));
#4047=DIRECTION('center_axis',(0.,0.382683432365089,-0.923879532511287));
#4048=DIRECTION('ref_axis',(1.,-8.87780707698991E-17,1.13439011850702E-16));
#4049=DIRECTION('center_axis',(1.,-3.56700760506109E-17,-1.47750292710428E-17));
#4050=DIRECTION('ref_axis',(-3.86090121010178E-17,-0.923879532511287,-0.382683432365089));
#4051=DIRECTION('',(0.,0.382683432365089,-0.923879532511287));
#4052=DIRECTION('',(-3.86090121010178E-17,-0.923879532511287,-0.382683432365089));
#4053=DIRECTION('center_axis',(0.,0.382683432365089,-0.923879532511287));
#4054=DIRECTION('ref_axis',(-1.,3.56700760506109E-17,1.47750292710427E-17));
#4055=DIRECTION('center_axis',(0.,0.382683432365089,-0.923879532511287));
#4056=DIRECTION('ref_axis',(-1.,3.56700760506109E-17,1.47750292710427E-17));
#4057=DIRECTION('',(0.,0.382683432365089,-0.923879532511287));
#4058=DIRECTION('center_axis',(1.32194530149006E-16,-0.923879532511287,
-0.382683432365089));
#4059=DIRECTION('ref_axis',(-1.,-8.96141411862865E-17,-1.290932794715E-16));
#4060=DIRECTION('',(-1.,-1.22131820714613E-16,-5.0588656537312E-17));
#4061=DIRECTION('',(0.,0.382683432365089,-0.923879532511287));
#4062=DIRECTION('center_axis',(0.,0.382683432365089,-0.923879532511287));
#4063=DIRECTION('ref_axis',(-3.86090121010178E-17,-0.923879532511287,-0.382683432365089));
#4064=DIRECTION('center_axis',(0.,0.382683432365089,-0.923879532511287));
#4065=DIRECTION('ref_axis',(-3.86090121010178E-17,-0.923879532511287,-0.382683432365089));
#4066=DIRECTION('center_axis',(0.,0.,-1.));
#4067=DIRECTION('ref_axis',(-1.,0.,0.));
#4068=DIRECTION('',(0.,1.,0.));
#4069=DIRECTION('',(-1.,0.,0.));
#4070=DIRECTION('',(0.,-1.,0.));
#4071=DIRECTION('center_axis',(-1.,0.,0.));
#4072=DIRECTION('ref_axis',(0.,-2.22044604925031E-16,1.));
#4073=DIRECTION('',(0.,-2.22044604925031E-16,1.));
#4074=DIRECTION('',(0.,1.,2.22044604925031E-16));
#4075=DIRECTION('',(0.,0.258819045102521,0.965925826289068));
#4076=DIRECTION('',(0.,-0.923879532511287,-0.382683432365089));
#4077=DIRECTION('',(0.,-2.22044604925031E-16,1.));
#4078=DIRECTION('',(0.,-1.,-2.22044604925031E-16));
#4079=DIRECTION('center_axis',(0.,-0.382683432365089,0.923879532511287));
#4080=DIRECTION('ref_axis',(1.,0.,0.));
#4081=DIRECTION('',(0.,0.923879532511287,0.382683432365089));
#4082=DIRECTION('',(1.,0.,0.));
#4083=DIRECTION('',(1.,0.,0.));
#4084=DIRECTION('center_axis',(1.,0.,0.));
#4085=DIRECTION('ref_axis',(0.,2.22044604925031E-16,-1.));
#4086=DIRECTION('',(0.,2.22044604925031E-16,-1.));
#4087=DIRECTION('',(0.,1.,2.22044604925031E-16));
#4088=DIRECTION('',(0.,2.22044604925031E-16,-1.));
#4089=DIRECTION('',(0.,-0.258819045102521,-0.965925826289068));
#4090=DIRECTION('',(0.,-1.,0.));
#4091=DIRECTION('center_axis',(0.,0.965925826289068,-0.258819045102521));
#4092=DIRECTION('ref_axis',(0.,0.258819045102521,0.965925826289068));
#4093=DIRECTION('',(-1.,0.,0.));
#4094=DIRECTION('center_axis',(0.,2.22044604925031E-16,-1.));
#4095=DIRECTION('ref_axis',(-1.,0.,0.));
#4096=DIRECTION('center_axis',(0.,1.,2.22044604925031E-16));
#4097=DIRECTION('ref_axis',(0.707106781186547,-1.57009245868377E-16,0.707106781186547));
#4098=DIRECTION('center_axis',(0.,-1.,-2.22044604925031E-16));
#4099=DIRECTION('ref_axis',(0.707106781186547,-1.57009245868377E-16,0.707106781186547));
#4100=DIRECTION('',(0.,-1.,-2.22044604925031E-16));
#4101=DIRECTION('center_axis',(0.,1.,2.22044604925031E-16));
#4102=DIRECTION('ref_axis',(0.707106781186547,-1.57009245868377E-16,0.707106781186547));
#4103=DIRECTION('center_axis',(0.,-1.,-2.22044604925031E-16));
#4104=DIRECTION('ref_axis',(1.,0.,0.));
#4105=DIRECTION('',(1.,0.,0.));
#4106=DIRECTION('center_axis',(0.,1.,2.22044604925031E-16));
#4107=DIRECTION('ref_axis',(-0.707106781186548,-1.57009245868377E-16,0.707106781186547));
#4108=DIRECTION('',(0.,-2.22044604925031E-16,1.));
#4109=DIRECTION('',(1.,0.,0.));
#4110=DIRECTION('',(0.,2.22044604925031E-16,-1.));
#4111=DIRECTION('',(-1.,0.,0.));
#4112=DIRECTION('center_axis',(0.,-2.22044604925031E-16,1.));
#4113=DIRECTION('ref_axis',(1.,0.,0.));
#4114=DIRECTION('',(1.,0.,0.));
#4115=DIRECTION('',(0.,1.,2.22044604925031E-16));
#4116=DIRECTION('center_axis',(0.,1.,2.22044604925031E-16));
#4117=DIRECTION('ref_axis',(-1.,0.,0.));
#4118=DIRECTION('',(0.,2.22044604925031E-16,-1.));
#4119=DIRECTION('',(1.,0.,0.));
#4120=DIRECTION('',(0.,2.22044604925031E-16,-1.));
#4121=DIRECTION('',(-1.,0.,0.));
#4122=DIRECTION('',(0.,2.22044604925031E-16,-1.));
#4123=DIRECTION('',(-1.,0.,0.));
#4124=DIRECTION('',(0.,2.22044604925031E-16,-1.));
#4125=DIRECTION('',(1.,0.,0.));
#4126=DIRECTION('center_axis',(0.,-2.22044604925031E-16,1.));
#4127=DIRECTION('ref_axis',(-1.,0.,0.));
#4128=DIRECTION('',(0.,-1.,-2.22044604925031E-16));
#4129=DIRECTION('',(0.,-1.,-2.22044604925031E-16));
#4130=DIRECTION('',(-1.,0.,0.));
#4131=DIRECTION('center_axis',(0.,2.22044604925031E-16,-1.));
#4132=DIRECTION('ref_axis',(1.,0.,0.));
#4133=DIRECTION('',(0.,1.,2.22044604925031E-16));
#4134=DIRECTION('',(1.,0.,0.));
#4135=DIRECTION('',(0.,-1.,-2.22044604925031E-16));
#4136=DIRECTION('center_axis',(0.,1.,2.22044604925031E-16));
#4137=DIRECTION('ref_axis',(-1.,0.,0.));
#4138=DIRECTION('center_axis',(0.,-1.,-2.22044604925031E-16));
#4139=DIRECTION('ref_axis',(-0.707106781186548,-1.57009245868377E-16,0.707106781186547));
#4140=DIRECTION('',(0.,2.22044604925031E-16,-1.));
#4141=DIRECTION('',(0.,-2.22044604925031E-16,1.));
#4142=DIRECTION('center_axis',(0.,1.,2.22044604925031E-16));
#4143=DIRECTION('ref_axis',(-0.707106781186548,-1.57009245868377E-16,0.707106781186547));
#4144=DIRECTION('center_axis',(0.,-1.,-2.22044604925031E-16));
#4145=DIRECTION('ref_axis',(1.,0.,0.));
#4146=DIRECTION('',(0.,-2.22044604925031E-16,1.));
#4147=DIRECTION('',(1.,0.,0.));
#4148=DIRECTION('',(0.,2.22044604925031E-16,-1.));
#4149=DIRECTION('',(-1.,0.,0.));
#4150=DIRECTION('center_axis',(0.,-1.,-2.22044604925031E-16));
#4151=DIRECTION('ref_axis',(1.,0.,0.));
#4152=DIRECTION('',(0.,2.22044604925031E-16,-1.));
#4153=DIRECTION('',(-1.,0.,0.));
#4154=DIRECTION('',(0.,-2.22044604925031E-16,1.));
#4155=DIRECTION('',(1.,0.,0.));
#4156=DIRECTION('center_axis',(-1.,0.,0.));
#4157=DIRECTION('ref_axis',(0.,-2.22044604925031E-16,1.));
#4158=DIRECTION('',(0.,1.,2.22044604925031E-16));
#4159=DIRECTION('',(0.,1.,2.22044604925031E-16));
#4160=DIRECTION('center_axis',(0.,-2.22044604925031E-16,1.));
#4161=DIRECTION('ref_axis',(1.,0.,0.));
#4162=DIRECTION('',(0.,1.,2.22044604925031E-16));
#4163=DIRECTION('',(0.,-1.,-2.22044604925031E-16));
#4164=DIRECTION('',(1.,0.,0.));
#4165=DIRECTION('',(0.,-1.,-2.22044604925031E-16));
#4166=DIRECTION('center_axis',(1.,0.,0.));
#4167=DIRECTION('ref_axis',(0.,2.22044604925031E-16,-1.));
#4168=DIRECTION('',(0.,1.,2.22044604925031E-16));
#4169=DIRECTION('center_axis',(-1.,0.,0.));
#4170=DIRECTION('ref_axis',(0.,2.22044604925031E-16,-1.));
#4171=DIRECTION('center_axis',(0.,-2.22044604925031E-16,1.));
#4172=DIRECTION('ref_axis',(-1.,0.,0.));
#4173=DIRECTION('',(0.,-1.,-2.22044604925031E-16));
#4174=DIRECTION('',(-1.,0.,0.));
#4175=DIRECTION('',(0.,-1.,-2.22044604925031E-16));
#4176=DIRECTION('center_axis',(1.,0.,0.));
#4177=DIRECTION('ref_axis',(0.,-2.22044604925031E-16,1.));
#4178=DIRECTION('',(0.,-2.22044604925031E-16,1.));
#4179=DIRECTION('center_axis',(-1.,0.,0.));
#4180=DIRECTION('ref_axis',(0.,2.22044604925031E-16,-1.));
#4181=DIRECTION('',(0.,2.22044604925031E-16,-1.));
#4182=DIRECTION('center_axis',(0.,-1.,-2.22044604925031E-16));
#4183=DIRECTION('ref_axis',(1.,0.,0.));
#4184=DIRECTION('',(0.,-2.22044604925031E-16,1.));
#4185=DIRECTION('',(-1.,0.,0.));
#4186=DIRECTION('',(0.,2.22044604925031E-16,-1.));
#4187=DIRECTION('',(1.,0.,0.));
#4188=DIRECTION('center_axis',(0.,-2.22044604925031E-16,1.));
#4189=DIRECTION('ref_axis',(1.,0.,0.));
#4190=DIRECTION('',(0.,1.,2.22044604925031E-16));
#4191=DIRECTION('',(0.,1.,2.22044604925031E-16));
#4192=DIRECTION('center_axis',(1.,0.,0.));
#4193=DIRECTION('ref_axis',(0.,2.22044604925031E-16,-1.));
#4194=DIRECTION('',(0.,1.,2.22044604925031E-16));
#4195=DIRECTION('center_axis',(-1.,0.,0.));
#4196=DIRECTION('ref_axis',(0.,-2.22044604925031E-16,1.));
#4197=DIRECTION('',(0.,1.,2.22044604925031E-16));
#4198=DIRECTION('center_axis',(0.,2.22044604925031E-16,-1.));
#4199=DIRECTION('ref_axis',(-1.,0.,0.));
#4200=DIRECTION('center_axis',(0.,1.,2.22044604925031E-16));
#4201=DIRECTION('ref_axis',(0.707106781186547,-1.57009245868377E-16,0.707106781186547));
#4202=DIRECTION('center_axis',(0.,-1.,-2.22044604925031E-16));
#4203=DIRECTION('ref_axis',(0.707106781186547,-1.57009245868377E-16,0.707106781186547));
#4204=DIRECTION('',(0.,-1.,-2.22044604925031E-16));
#4205=DIRECTION('center_axis',(0.,1.,2.22044604925031E-16));
#4206=DIRECTION('ref_axis',(0.707106781186547,-1.57009245868377E-16,0.707106781186547));
#4207=DIRECTION('',(0.,1.,2.22044604925031E-16));
#4208=DIRECTION('center_axis',(0.,1.,2.22044604925031E-16));
#4209=DIRECTION('ref_axis',(-1.,0.,0.));
#4210=DIRECTION('',(1.,0.,0.));
#4211=DIRECTION('center_axis',(0.,1.,2.22044604925031E-16));
#4212=DIRECTION('ref_axis',(-0.707106781186547,-1.57009245868377E-16,0.707106781186547));
#4213=DIRECTION('',(0.,-2.22044604925031E-16,1.));
#4214=DIRECTION('',(-1.,0.,0.));
#4215=DIRECTION('',(0.,2.22044604925031E-16,-1.));
#4216=DIRECTION('',(-1.,0.,0.));
#4217=DIRECTION('center_axis',(0.,1.,2.22044604925031E-16));
#4218=DIRECTION('ref_axis',(0.707106781186547,-1.57009245868377E-16,0.707106781186547));
#4219=DIRECTION('',(0.,-2.22044604925031E-16,1.));
#4220=DIRECTION('center_axis',(0.,1.,2.22044604925031E-16));
#4221=DIRECTION('ref_axis',(0.707106781186547,1.57009245868378E-16,-0.707106781186548));
#4222=DIRECTION('',(1.,0.,0.));
#4223=DIRECTION('center_axis',(0.,1.,2.22044604925031E-16));
#4224=DIRECTION('ref_axis',(-0.707106781186547,1.57009245868377E-16,-0.707106781186547));
#4225=DIRECTION('',(0.,2.22044604925031E-16,-1.));
#4226=DIRECTION('center_axis',(0.,1.,2.22044604925031E-16));
#4227=DIRECTION('ref_axis',(-0.707106781186547,-1.57009245868378E-16,0.707106781186548));
#4228=DIRECTION('center_axis',(0.,-2.22044604925031E-16,1.));
#4229=DIRECTION('ref_axis',(1.,2.01858731750028E-16,4.48216423421029E-32));
#4230=DIRECTION('',(1.,2.01858731750028E-16,4.48216423421029E-32));
#4231=DIRECTION('',(0.,1.,2.22044604925031E-16));
#4232=DIRECTION('center_axis',(0.,1.,2.22044604925031E-16));
#4233=DIRECTION('ref_axis',(-0.707106781186547,-1.57009245868377E-16,0.707106781186547));
#4234=DIRECTION('center_axis',(0.,-1.,-2.22044604925031E-16));
#4235=DIRECTION('ref_axis',(-0.707106781186547,-1.57009245868377E-16,0.707106781186547));
#4236=DIRECTION('',(0.,-1.,-2.22044604925031E-16));
#4237=DIRECTION('center_axis',(1.,0.,0.));
#4238=DIRECTION('ref_axis',(0.,2.22044604925031E-16,-1.));
#4239=DIRECTION('',(0.,2.22044604925031E-16,-1.));
#4240=DIRECTION('',(0.,1.,2.22044604925031E-16));
#4241=DIRECTION('',(0.,2.22044604925031E-16,-1.));
#4242=DIRECTION('',(0.,1.,2.22044604925031E-16));
#4243=DIRECTION('center_axis',(0.,-2.22044604925031E-16,1.));
#4244=DIRECTION('ref_axis',(1.,0.,0.));
#4245=DIRECTION('',(1.,6.72862439166761E-17,1.49405474473676E-32));
#4246=DIRECTION('',(0.,1.,2.22044604925031E-16));
#4247=DIRECTION('',(1.,0.,0.));
#4248=DIRECTION('center_axis',(-1.,0.,0.));
#4249=DIRECTION('ref_axis',(0.,-2.22044604925031E-16,1.));
#4250=DIRECTION('',(0.,-2.22044604925031E-16,1.));
#4251=DIRECTION('',(0.,1.,2.22044604925031E-16));
#4252=DIRECTION('',(0.,-2.22044604925031E-16,1.));
#4253=DIRECTION('center_axis',(0.,2.22044604925031E-16,-1.));
#4254=DIRECTION('ref_axis',(-1.,0.,0.));
#4255=DIRECTION('',(-1.,-6.72862439166761E-17,-1.49405474473676E-32));
#4256=DIRECTION('',(-1.,0.,0.));
#4257=DIRECTION('center_axis',(0.,1.,2.22044604925031E-16));
#4258=DIRECTION('ref_axis',(-1.,0.,0.));
#4259=DIRECTION('center_axis',(0.,1.,2.22044604925031E-16));
#4260=DIRECTION('ref_axis',(-0.707106781186547,1.37977822126756E-16,-0.707106781186547));
#4261=DIRECTION('',(-0.707106781186546,0.707106781186549,1.57009245868378E-16));
#4262=DIRECTION('center_axis',(6.72862439166761E-17,-1.,-2.22044604925031E-16));
#4263=DIRECTION('ref_axis',(-0.707106781186548,1.57009245868377E-16,-0.707106781186548));
#4264=DIRECTION('',(0.,-0.707106781186549,0.707106781186546));
#4265=DIRECTION('center_axis',(-6.72862439166761E-17,1.,2.22044604925031E-16));
#4266=DIRECTION('ref_axis',(-0.707106781186548,1.09430686514324E-16,-0.707106781186548));
#4267=DIRECTION('center_axis',(-0.707106781186546,-0.707106781186549,-1.57009245868378E-16));
#4268=DIRECTION('ref_axis',(0.707106781186549,-0.707106781186546,-1.57009245868377E-16));
#4269=DIRECTION('',(0.,-2.22044604925031E-16,1.));
#4270=DIRECTION('',(-0.707106781186549,0.707106781186546,1.57009245868377E-16));
#4271=DIRECTION('',(0.,2.22044604925031E-16,-1.));
#4272=DIRECTION('center_axis',(0.,1.,2.22044604925031E-16));
#4273=DIRECTION('ref_axis',(-0.707106781186547,-1.76040669609999E-16,0.707106781186548));
#4274=DIRECTION('',(0.,0.707106781186549,0.707106781186546));
#4275=DIRECTION('center_axis',(6.72862439166761E-17,-1.,-2.22044604925031E-16));
#4276=DIRECTION('ref_axis',(-0.707106781186547,-1.57009245868378E-16,0.707106781186548));
#4277=DIRECTION('center_axis',(-6.72862439166761E-17,1.,2.22044604925031E-16));
#4278=DIRECTION('ref_axis',(-0.707106781186547,-2.04587805222431E-16,0.707106781186548));
#4279=DIRECTION('center_axis',(4.75785593540538E-17,-0.707106781186548,
0.707106781186547));
#4280=DIRECTION('ref_axis',(1.,6.72862439166761E-17,1.49405474473676E-32));
#4281=DIRECTION('',(1.,6.72862439166761E-17,1.49405474473676E-32));
#4282=DIRECTION('',(0.,0.707106781186547,0.707106781186548));
#4283=DIRECTION('',(-1.,-6.72862439166761E-17,-1.49405474473676E-32));
#4284=DIRECTION('center_axis',(0.,1.,2.22044604925031E-16));
#4285=DIRECTION('ref_axis',(0.707106781186547,-1.37977822126756E-16,0.707106781186547));
#4286=DIRECTION('',(0.707106781186546,0.707106781186549,1.57009245868378E-16));
#4287=DIRECTION('center_axis',(6.72862439166761E-17,-1.,-2.22044604925031E-16));
#4288=DIRECTION('ref_axis',(0.707106781186548,-1.57009245868377E-16,0.707106781186548));
#4289=DIRECTION('center_axis',(-6.72862439166761E-17,1.,2.22044604925031E-16));
#4290=DIRECTION('ref_axis',(0.707106781186548,-1.09430686514324E-16,0.707106781186548));
#4291=DIRECTION('center_axis',(0.707106781186548,-0.707106781186548,-1.57009245868377E-16));
#4292=DIRECTION('ref_axis',(0.707106781186548,0.707106781186548,1.57009245868377E-16));
#4293=DIRECTION('',(0.,2.22044604925031E-16,-1.));
#4294=DIRECTION('',(0.707106781186547,0.707106781186547,1.57009245868377E-16));
#4295=DIRECTION('',(0.,-2.22044604925031E-16,1.));
#4296=DIRECTION('center_axis',(0.,1.,2.22044604925031E-16));
#4297=DIRECTION('ref_axis',(0.707106781186547,1.76040669609999E-16,-0.707106781186548));
#4298=DIRECTION('',(0.,0.707106781186548,-0.707106781186547));
#4299=DIRECTION('center_axis',(6.72862439166761E-17,-1.,-2.22044604925031E-16));
#4300=DIRECTION('ref_axis',(0.707106781186547,1.57009245868378E-16,-0.707106781186548));
#4301=DIRECTION('center_axis',(-6.72862439166761E-17,1.,2.22044604925031E-16));
#4302=DIRECTION('ref_axis',(0.707106781186547,2.04587805222431E-16,-0.707106781186548));
#4303=DIRECTION('center_axis',(4.75785593540539E-17,-0.707106781186549,
-0.707106781186546));
#4304=DIRECTION('ref_axis',(1.,6.72862439166761E-17,1.49405474473676E-32));
#4305=DIRECTION('',(-1.,-6.72862439166761E-17,-1.49405474473676E-32));
#4306=DIRECTION('',(1.,6.72862439166761E-17,1.49405474473676E-32));
#4307=DIRECTION('center_axis',(-1.,0.,0.));
#4308=DIRECTION('ref_axis',(0.,-2.22044604925031E-16,1.));
#4309=DIRECTION('',(0.,-1.,-2.22044604925031E-16));
#4310=DIRECTION('',(0.,1.,2.22044604925031E-16));
#4311=DIRECTION('center_axis',(0.,1.,2.22044604925031E-16));
#4312=DIRECTION('ref_axis',(0.707106781186547,1.57009245868378E-16,-0.707106781186548));
#4313=DIRECTION('',(0.,1.,2.22044604925031E-16));
#4314=DIRECTION('center_axis',(0.,-2.22044604925031E-16,1.));
#4315=DIRECTION('ref_axis',(1.,0.,0.));
#4316=DIRECTION('',(0.,-1.,-2.22044604925031E-16));
#4317=DIRECTION('center_axis',(0.,1.,2.22044604925031E-16));
#4318=DIRECTION('ref_axis',(-0.707106781186547,1.57009245868377E-16,-0.707106781186547));
#4319=DIRECTION('',(0.,1.,2.22044604925031E-16));
#4320=DIRECTION('center_axis',(6.72862439166761E-17,-1.,-2.22044604925031E-16));
#4321=DIRECTION('ref_axis',(1.,6.72862439166761E-17,1.49405474473676E-32));
#4322=DIRECTION('center_axis',(1.,0.,0.));
#4323=DIRECTION('ref_axis',(0.,2.22044604925031E-16,-1.));
#4324=DIRECTION('',(0.,-1.,-2.22044604925031E-16));
#4325=DIRECTION('center_axis',(0.,1.,2.22044604925031E-16));
#4326=DIRECTION('ref_axis',(-0.707106781186547,-1.57009245868378E-16,0.707106781186548));
#4327=DIRECTION('',(0.,1.,2.22044604925031E-16));
#4328=DIRECTION('center_axis',(0.,2.22044604925031E-16,-1.));
#4329=DIRECTION('ref_axis',(-1.,0.,0.));
#4330=DIRECTION('',(0.,-1.,-2.22044604925031E-16));
#4331=DIRECTION('center_axis',(0.,1.,2.22044604925031E-16));
#4332=DIRECTION('ref_axis',(0.707106781186547,-1.57009245868377E-16,0.707106781186547));
#4333=DIRECTION('center_axis',(-1.,0.,0.));
#4334=DIRECTION('ref_axis',(0.,-4.07081775695891E-16,1.));
#4335=DIRECTION('',(0.,-4.07081775695891E-16,1.));
#4336=DIRECTION('',(0.,1.,2.22044604925031E-16));
#4337=DIRECTION('center_axis',(0.,2.22044604925031E-16,-1.));
#4338=DIRECTION('ref_axis',(-1.,-6.72862439166761E-17,-1.49405474473676E-32));
#4339=DIRECTION('',(-1.,-6.72862439166761E-17,-1.49405474473676E-32));
#4340=DIRECTION('',(0.,1.,2.22044604925031E-16));
#4341=DIRECTION('center_axis',(1.,0.,0.));
#4342=DIRECTION('ref_axis',(0.,2.22044604925031E-16,-1.));
#4343=DIRECTION('',(0.,2.22044604925031E-16,-1.));
#4344=DIRECTION('center_axis',(0.,1.,2.22044604925031E-16));
#4345=DIRECTION('ref_axis',(-1.,0.,0.));
#4346=DIRECTION('',(0.,0.,1.));
#4347=DIRECTION('',(1.,0.,0.));
#4348=DIRECTION('',(0.,-1.,-3.33066907387547E-16));
#4349=DIRECTION('',(0.999999999999999,0.,0.));
#4350=CARTESIAN_POINT('',(0.,0.,0.));
#4351=CARTESIAN_POINT('',(0.,0.,0.));
#4352=CARTESIAN_POINT('Origin',(-0.500000007450581,-64.7500007897615,-18.5425441096791));
#4353=CARTESIAN_POINT('',(14.0000002086163,-78.0000011622906,-18.5425441096791));
#4354=CARTESIAN_POINT('',(18.0000002682209,-78.0000011622906,-18.5425441096791));
#4355=CARTESIAN_POINT('',(8.75000013038516,-78.0000011622906,-18.5425441096791));
#4356=CARTESIAN_POINT('',(14.0000002086163,-80.5000012069941,-18.5425441096791));
#4357=CARTESIAN_POINT('',(14.0000002086163,-55.8750005662441,-18.5425441096791));
#4358=CARTESIAN_POINT('',(11.0000001639128,-80.5000011995435,-18.5425441096791));
#4359=CARTESIAN_POINT('',(6.75000010058284,-80.5000012069941,-18.5425441096791));
#4360=CARTESIAN_POINT('',(11.0000001639128,-82.5000012293458,-18.5425441096791));
#4361=CARTESIAN_POINT('',(11.0000001639128,-72.6250009946525,-18.5425441096791));
#4362=CARTESIAN_POINT('',(18.0000002682209,-82.5000012367964,-18.5425441096791));
#4363=CARTESIAN_POINT('',(-9.75000014528632,-82.5000012367964,-18.5425441096791));
#4364=CARTESIAN_POINT('',(18.0000002682209,-73.625001013279,-18.5425441096791));
#4365=CARTESIAN_POINT('Origin',(-0.500000007450581,-64.7500007897615,-18.5425441096791));
#4366=CARTESIAN_POINT('',(-19.0000002831221,-77.0000011473894,-18.5425441096791));
#4367=CARTESIAN_POINT('',(-15.0000002235174,-77.0000011473894,-18.5425441096791));
#4368=CARTESIAN_POINT('',(-7.750000115484,-77.0000011473894,-18.5425441096791));
#4369=CARTESIAN_POINT('',(-19.0000002831221,-82.5000012367964,-18.5425441096791));
#4370=CARTESIAN_POINT('',(-19.0000002831221,-55.8750005662441,-18.5425441096791));
#4371=CARTESIAN_POINT('',(-12.0000001788139,-82.5000012293458,-18.5425441096791));
#4372=CARTESIAN_POINT('',(-9.75000014528632,-82.5000012367964,-18.5425441096791));
#4373=CARTESIAN_POINT('',(-12.0000001788139,-80.5000011995435,-18.5425441096791));
#4374=CARTESIAN_POINT('',(-12.0000001788139,-73.6250010095537,-18.5425441096791));
#4375=CARTESIAN_POINT('',(-15.0000002235174,-80.5000012069941,-18.5425441096791));
#4376=CARTESIAN_POINT('',(6.75000010058284,-80.5000012069941,-18.5425441096791));
#4377=CARTESIAN_POINT('',(-15.0000002235174,-72.6250009983778,-18.5425441096791));
#4378=CARTESIAN_POINT('Origin',(14.0000002086163,-80.5000012069941,-19.5425441096791));
#4379=CARTESIAN_POINT('',(14.0000002086163,-80.5000012069941,-19.5425441096791));
#4380=CARTESIAN_POINT('',(14.0000002086163,-80.5000012069941,-19.5425441096791));
#4381=CARTESIAN_POINT('',(11.0000001639128,-80.5000011995435,-19.5425441096791));
#4382=CARTESIAN_POINT('',(20.8000002123415,-80.5000012069941,-19.5425442673341));
#4383=CARTESIAN_POINT('',(11.0000001639128,-80.5000012069941,-17.0425441096791));
#4384=CARTESIAN_POINT('Origin',(14.0000002086163,-47.0000003427267,-19.5425441096791));
#4385=CARTESIAN_POINT('',(14.0000002086163,-78.0000011622906,-19.5425441096791));
#4386=CARTESIAN_POINT('',(14.0000002086163,-78.0000011622906,-17.0425441096791));
#4387=CARTESIAN_POINT('',(14.0000002086163,-45.0000003427267,-19.5425442157931));
#4388=CARTESIAN_POINT('Origin',(18.0000002682209,-78.0000011622906,-14.5425441096791));
#4389=CARTESIAN_POINT('',(18.0000002682209,-78.0000011622906,-19.5425441096791));
#4390=CARTESIAN_POINT('',(18.0000002682209,-78.0000011622906,-17.0425441096791));
#4391=CARTESIAN_POINT('',(18.0000002682209,-78.0000011622906,-19.5425441096791));
#4392=CARTESIAN_POINT('Origin',(-19.0000002831221,-82.5000012367964,-19.5425441096791));
#4393=CARTESIAN_POINT('',(-19.0000002831221,-82.5000012367964,-19.5425441096791));
#4394=CARTESIAN_POINT('',(-19.0000002831221,-82.5000012367964,-19.5425441096791));
#4395=CARTESIAN_POINT('',(-12.0000001788139,-82.5000012293458,-19.5425441096791));
#4396=CARTESIAN_POINT('',(4.29999996647239,-82.5000012367964,-19.5425441422713));
#4397=CARTESIAN_POINT('',(-12.0000001788139,-82.5000012367964,-17.0425441096791));
#4398=CARTESIAN_POINT('Origin',(-19.0000002831221,-47.0000003427267,-19.5425441096791));
#4399=CARTESIAN_POINT('',(-19.0000002831221,-77.0000011473894,-19.5425441096791));
#4400=CARTESIAN_POINT('',(-19.0000002831221,-77.0000011473894,-17.0425441096791));
#4401=CARTESIAN_POINT('',(-19.0000002831221,-45.0000003427267,-19.5425439656674));
#4402=CARTESIAN_POINT('Origin',(-15.0000002235174,-77.0000011473894,-14.5425441096791));
#4403=CARTESIAN_POINT('',(-15.0000002235174,-77.0000011473894,-19.5425441096791));
#4404=CARTESIAN_POINT('',(-15.0000002235174,-77.0000011473894,-17.0425441096791));
#4405=CARTESIAN_POINT('',(-15.0000002235174,-77.0000011473894,-19.5425441096791));
#4406=CARTESIAN_POINT('Origin',(14.0000002086163,-53.0000007897615,-14.5425441096791));
#4407=CARTESIAN_POINT('',(14.0000002086163,-53.0000007897615,-14.5425441096791));
#4408=CARTESIAN_POINT('',(18.0000002682209,-53.0000007897615,-14.5425441096791));
#4409=CARTESIAN_POINT('',(6.75000010058284,-53.0000007897615,-14.5425441096791));
#4410=CARTESIAN_POINT('',(14.0000002086163,-53.0000007897615,-19.5425441096791));
#4411=CARTESIAN_POINT('',(14.0000002086163,-53.0000007897615,-17.0425441096791));
#4412=CARTESIAN_POINT('',(18.0000002682209,-53.0000007897615,-19.5425441096791));
#4413=CARTESIAN_POINT('',(14.0000002086163,-53.0000007897615,-19.5425441096791));
#4414=CARTESIAN_POINT('',(18.0000002682209,-53.0000007897615,-17.0425441096791));
#4415=CARTESIAN_POINT('Origin',(16.0000002384186,-65.5000009760261,-19.5425441096791));
#4416=CARTESIAN_POINT('',(18.0000002682209,-62.7500007897615,-19.5425442461113));
#4417=CARTESIAN_POINT('',(14.0000002086163,-45.0000003427267,-19.5425442157931));
#4418=CARTESIAN_POINT('Origin',(-19.0000002831221,-52.0000007748604,-14.5425441096791));
#4419=CARTESIAN_POINT('',(-19.0000002831221,-52.0000007748604,-14.5425441096791));
#4420=CARTESIAN_POINT('',(-15.0000002235174,-52.0000007748604,-14.5425441096791));
#4421=CARTESIAN_POINT('',(-9.75000014528632,-52.0000007748604,-14.5425441096791));
#4422=CARTESIAN_POINT('',(-19.0000002831221,-52.0000007748604,-19.5425441096791));
#4423=CARTESIAN_POINT('',(-19.0000002831221,-52.0000007748604,-17.0425441096791));
#4424=CARTESIAN_POINT('',(-15.0000002235174,-52.0000007748604,-19.5425441096791));
#4425=CARTESIAN_POINT('',(-19.0000002831221,-52.0000007748604,-19.5425441096791));
#4426=CARTESIAN_POINT('',(-15.0000002235174,-52.0000007748604,-17.0425441096791));
#4427=CARTESIAN_POINT('Origin',(-17.0000002533197,-64.5000009611249,-19.5425441096791));
#4428=CARTESIAN_POINT('',(-15.0000002235174,-61.7500007748604,-19.5425439959856));
#4429=CARTESIAN_POINT('',(-19.0000002831221,-45.0000003427267,-19.5425439656674));
#4430=CARTESIAN_POINT('Origin',(14.0000002086163,-47.0000003427267,-19.5425441096791));
#4431=CARTESIAN_POINT('',(14.0000002086163,-47.0000003427267,-14.5425441096791));
#4432=CARTESIAN_POINT('',(14.0000002086163,-47.0000003427267,-14.5425441096791));
#4433=CARTESIAN_POINT('',(14.0000002086163,-47.0000003427267,-12.0000001788139));
#4434=CARTESIAN_POINT('',(14.0000002086163,-47.0000003427267,-15.7712721442465));
#4435=CARTESIAN_POINT('',(14.0000002086163,-45.0000003427267,-12.0000001788139));
#4436=CARTESIAN_POINT('',(14.0000002086163,-47.0000003427267,-12.0000001788139));
#4437=CARTESIAN_POINT('',(14.0000002086163,-45.0000003427267,-19.5425441096791));
#4438=CARTESIAN_POINT('',(14.0000002086163,-45.0000003427267,-12.0000001788139));
#4439=CARTESIAN_POINT('',(14.0000002086163,-47.0000003427267,-19.5425441096791));
#4440=CARTESIAN_POINT('',(14.0000002086163,-47.0000003427267,-19.5425441096791));
#4441=CARTESIAN_POINT('',(14.0000002086163,-45.0000003427267,-19.5425442157931));
#4442=CARTESIAN_POINT('Origin',(-0.500000007450581,-64.7500007897615,-14.5425441096791));
#4443=CARTESIAN_POINT('',(18.0000002682209,-47.0000003427267,-14.5425441096791));
#4444=CARTESIAN_POINT('',(18.0000002682209,-73.625001013279,-14.5425441096791));
#4445=CARTESIAN_POINT('',(-16.0500001601875,-47.0000003427267,-14.5425441096791));
#4446=CARTESIAN_POINT('Origin',(18.0000002682209,-82.5000012367964,-19.5425441096791));
#4447=CARTESIAN_POINT('',(18.0000002682209,-47.0000003427267,-19.5425441096791));
#4448=CARTESIAN_POINT('',(18.0000002682209,-62.7500007897615,-19.5425442461113));
#4449=CARTESIAN_POINT('',(18.0000002682209,-47.0000003427267,-19.5425441096791));
#4450=CARTESIAN_POINT('Origin',(-19.0000002831221,-47.0000003427267,-19.5425441096791));
#4451=CARTESIAN_POINT('',(-19.0000002831221,-47.0000003427267,-14.5425441096791));
#4452=CARTESIAN_POINT('',(-19.0000002831221,-55.8750005662441,-14.5425441096791));
#4453=CARTESIAN_POINT('',(-19.0000002831221,-47.0000003427267,-19.5425441096791));
#4454=CARTESIAN_POINT('',(-19.0000002831221,-47.0000003427267,-19.5425441096791));
#4455=CARTESIAN_POINT('',(-19.0000002831221,-45.0000003427267,-19.5425439656674));
#4456=CARTESIAN_POINT('Origin',(-0.500000007450581,-64.7500007897615,-14.5425441096791));
#4457=CARTESIAN_POINT('',(-15.0000002235174,-47.0000003427267,-14.5425441096791));
#4458=CARTESIAN_POINT('',(-15.0000002235174,-80.5000012069941,-14.5425441096791));
#4459=CARTESIAN_POINT('',(-16.0500001601875,-47.0000003427267,-14.5425441096791));
#4460=CARTESIAN_POINT('Origin',(-15.0000002235174,-80.5000012069941,-19.5425441096791));
#4461=CARTESIAN_POINT('',(-15.0000002235174,-47.0000003427267,-19.5425441096791));
#4462=CARTESIAN_POINT('',(-15.0000002235174,-61.7500007748604,-19.5425439959856));
#4463=CARTESIAN_POINT('',(-15.0000002235174,-45.0000003427267,-19.5425441096791));
#4464=CARTESIAN_POINT('',(-15.0000002235174,-47.0000003427267,-19.5425441096791));
#4465=CARTESIAN_POINT('',(-15.0000002235174,-45.0000003427267,-12.0000001788139));
#4466=CARTESIAN_POINT('',(-15.0000002235174,-45.0000003427267,-19.5425441096791));
#4467=CARTESIAN_POINT('',(-15.0000002235174,-47.0000003427267,-12.0000001788139));
#4468=CARTESIAN_POINT('',(-15.0000002235174,-47.0000003427267,-12.0000001788139));
#4469=CARTESIAN_POINT('',(-15.0000002235174,-47.0000003427267,-19.5425441096791));
#4470=CARTESIAN_POINT('Origin',(-31.6000003129244,-47.0000003427267,-19.5425441096791));
#4471=CARTESIAN_POINT('',(27.6000002160668,-47.0000003427267,-19.5425441096791));
#4472=CARTESIAN_POINT('',(-2.00000004842877,-47.0000003427267,-19.54254409452));
#4473=CARTESIAN_POINT('',(27.6000002160668,-47.0000003427267,-7.04254410967913));
#4474=CARTESIAN_POINT('',(27.6000002160668,-47.0000003427267,-19.5425441096791));
#4475=CARTESIAN_POINT('',(-31.6000003129244,-47.0000003427267,-7.04254410967913));
#4476=CARTESIAN_POINT('',(27.6000439399055,-47.0000003427267,-7.04254410967913));
#4477=CARTESIAN_POINT('',(-31.6000003129244,-47.0000003427267,-19.5425441096791));
#4478=CARTESIAN_POINT('',(-31.6000003129244,-47.0000003427267,-19.5425441096791));
#4479=CARTESIAN_POINT('',(-2.00000004842877,-47.0000003427267,-19.54254409452));
#4480=CARTESIAN_POINT('',(-23.3000002682209,-47.0000003427267,-12.0000001788139));
#4481=CARTESIAN_POINT('Origin',(18.0000002682209,-82.5000012367964,-19.5425441096791));
#4482=CARTESIAN_POINT('',(18.0000002682209,-82.5000012367964,-19.5425441096791));
#4483=CARTESIAN_POINT('',(18.0000002682209,-82.5000012367964,-19.5425441096791));
#4484=CARTESIAN_POINT('',(18.0000002682209,-62.7500007897615,-19.5425442461113));
#4485=CARTESIAN_POINT('Origin',(11.0000001639128,-80.5000011995435,-14.5425441096791));
#4486=CARTESIAN_POINT('',(11.0000001639128,-82.5000012293458,-19.5425441096791));
#4487=CARTESIAN_POINT('',(11.0000001639128,-80.5000011995435,-19.5425441096791));
#4488=CARTESIAN_POINT('',(11.0000001639128,-82.5000012367964,-17.0425441096791));
#4489=CARTESIAN_POINT('Origin',(-12.0000001788139,-82.5000012293458,-14.5425441096791));
#4490=CARTESIAN_POINT('',(-12.0000001788139,-80.5000011995435,-19.5425441096791));
#4491=CARTESIAN_POINT('',(-12.0000001788139,-82.5000012293458,-19.5425441096791));
#4492=CARTESIAN_POINT('',(-12.0000001788139,-80.5000012069941,-17.0425441096791));
#4493=CARTESIAN_POINT('Origin',(-0.500000007450581,-81.5000012144446,-19.5425441096791));
#4494=CARTESIAN_POINT('',(4.29999996647239,-82.5000012367964,-19.5425441422713));
#4495=CARTESIAN_POINT('',(20.8000002123415,-80.5000012069941,-19.5425442673341));
#4496=CARTESIAN_POINT('Origin',(14.0000002086163,-80.5000012069941,-19.5425441096791));
#4497=CARTESIAN_POINT('',(-15.0000002235174,-80.5000012069941,-19.5425441096791));
#4498=CARTESIAN_POINT('',(20.8000002123415,-80.5000012069941,-19.5425442673341));
#4499=CARTESIAN_POINT('',(-15.0000002235174,-80.5000012069941,-19.5425441096791));
#4500=CARTESIAN_POINT('Origin',(-19.0000002831221,-82.5000012367964,-19.5425441096791));
#4501=CARTESIAN_POINT('',(4.29999996647239,-82.5000012367964,-19.5425441422713));
#4502=CARTESIAN_POINT('Origin',(-15.0000002235174,-80.5000012069941,-19.5425441096791));
#4503=CARTESIAN_POINT('',(-15.0000002235174,-61.7500007748604,-19.5425439959856));
#4504=CARTESIAN_POINT('Origin',(-15.0000002235174,-47.0000003427267,-12.0000001788139));
#4505=CARTESIAN_POINT('',(-15.0000002235174,-45.0000003427267,-12.0000001788139));
#4506=CARTESIAN_POINT('Origin',(14.0000002086163,-47.0000003427267,-19.5425441096791));
#4507=CARTESIAN_POINT('',(-2.00000004842877,-47.0000003427267,-19.54254409452));
#4508=CARTESIAN_POINT('',(14.0000002086163,-45.0000003427267,-19.5425441096791));
#4509=CARTESIAN_POINT('Origin',(-0.500000007450581,-45.0000003427267,-15.7712721442465));
#4510=CARTESIAN_POINT('',(9.00000013411045,-45.0000003427267,-19.5425009282189));
#4511=CARTESIAN_POINT('',(9.00000013411045,-45.0000003427267,-13.5000002011657));
#4512=CARTESIAN_POINT('',(9.00000013411045,-45.0000003427267,-17.6568865362327));
#4513=CARTESIAN_POINT('',(-9.89000046974979,-45.0000003427267,-19.5425009282189));
#4514=CARTESIAN_POINT('',(-5.19500023860019,-45.0000003427267,-19.5425009282189));
#4515=CARTESIAN_POINT('',(-9.89000046974979,-45.0000003427267,-13.5000002011657));
#4516=CARTESIAN_POINT('',(-9.89000046974979,-45.0000003427267,-14.6356361727061));
#4517=CARTESIAN_POINT('',(4.25000006332994,-45.0000003427267,-13.5000002011657));
#4518=CARTESIAN_POINT('Origin',(-9.89000046974979,-43.0000003427267,-19.5425009282189));
#4519=CARTESIAN_POINT('',(9.00000013411045,-43.0000003427267,-19.5425009282189));
#4520=CARTESIAN_POINT('',(9.00000013411045,-43.0000003427267,-19.5425009282189));
#4521=CARTESIAN_POINT('',(-9.89000046974979,-43.0000003427267,-19.5425009282189));
#4522=CARTESIAN_POINT('',(-5.94500027168231,-43.0000003427267,-19.5425009282189));
#4523=CARTESIAN_POINT('',(-9.89000046974979,-43.0000003427267,-19.5425009282189));
#4524=CARTESIAN_POINT('Origin',(9.00000013411045,-43.0000003427267,-19.5425009282189));
#4525=CARTESIAN_POINT('',(9.00000013411045,-43.0000003427267,-13.5000002011657));
#4526=CARTESIAN_POINT('',(9.00000013411045,-43.0000003427267,-13.5000002011657));
#4527=CARTESIAN_POINT('',(9.00000013411045,-43.0000003427267,-20.0568864316507));
#4528=CARTESIAN_POINT('Origin',(-9.89000046974979,-43.0000003427267,-13.5000002011657));
#4529=CARTESIAN_POINT('',(-9.89000046974979,-43.0000003427267,-13.5000002011657));
#4530=CARTESIAN_POINT('',(-9.89000046974979,-43.0000003427267,-17.035636068124));
#4531=CARTESIAN_POINT('',(-9.89000046974979,-43.0000003427267,-13.5000002011657));
#4532=CARTESIAN_POINT('Origin',(9.00000013411045,-43.0000003427267,-13.5000002011657));
#4533=CARTESIAN_POINT('',(3.50000003024781,-43.0000003427267,-13.5000002011657));
#4534=CARTESIAN_POINT('Origin',(27.6000002160668,-43.0000003427267,-19.5425443188752));
#4535=CARTESIAN_POINT('',(-31.6000003129244,-91.5554060205132,-19.5425438701648));
#4536=CARTESIAN_POINT('',(-31.6000003129244,-43.0000003427267,-19.5425438701648));
#4537=CARTESIAN_POINT('',(27.6000002160668,-91.5554061407448,-19.5425443188752));
#4538=CARTESIAN_POINT('',(12.800000026098,-91.5554061106869,-19.5425442066976));
#4539=CARTESIAN_POINT('',(27.6000002160668,-43.0000003427267,-19.5425443188752));
#4540=CARTESIAN_POINT('Origin',(-2.00000004842877,-45.0000003427267,-7.04254410967913));
#4541=CARTESIAN_POINT('',(27.6000002160668,-43.0000003427267,-7.04254410967913));
#4542=CARTESIAN_POINT('',(27.6000002160668,-91.5554061407448,-7.04254410967913));
#4543=CARTESIAN_POINT('',(-31.6000003129244,-43.0000003427267,-7.04254410967913));
#4544=CARTESIAN_POINT('',(-31.6000003129244,-43.0000003427267,-7.04254410967913));
#4545=CARTESIAN_POINT('',(-31.6000003129244,-47.0000003427267,-7.04254410967913));
#4546=CARTESIAN_POINT('Origin',(27.6000002160668,-43.0000003427267,-19.5425443188752));
#4547=CARTESIAN_POINT('Origin',(27.6000002160668,-43.0000003427267,-19.9425443158433));
#4548=CARTESIAN_POINT('',(27.6000002160668,-91.6625858169048,-19.9425443158433));
#4549=CARTESIAN_POINT('',(27.6000002160668,-90.1169317858949,-14.1740849411906));
#4550=CARTESIAN_POINT('',(27.6000002160668,-43.0000003427267,-19.9425443158433));
#4551=CARTESIAN_POINT('',(27.6000002160668,-43.0000003427267,-19.9425443158433));
#4552=CARTESIAN_POINT('',(27.6000002160668,-43.0000003427267,-19.9425443158433));
#4553=CARTESIAN_POINT('Origin',(28.9523366239594,-43.0000003427267,-19.9425443363436));
#4554=CARTESIAN_POINT('',(28.9523366239594,-91.6625858223978,-19.9425443363436));
#4555=CARTESIAN_POINT('',(13.4761681814492,-91.6625857595356,-19.9425441017383));
#4556=CARTESIAN_POINT('',(28.9523366239594,-43.0000003427267,-19.9425443363436));
#4557=CARTESIAN_POINT('',(28.9523366239594,-43.0000003427267,-19.9425443363436));
#4558=CARTESIAN_POINT('',(28.9523366239594,-43.0000003427267,-19.9425443363436));
#4559=CARTESIAN_POINT('Origin',(27.7917734218019,-43.0000003427267,-21.6));
#4560=CARTESIAN_POINT('',(27.7917734218019,-92.106699728965,-21.6));
#4561=CARTESIAN_POINT('',(26.3126023754679,-92.6727356248534,-23.7124747223634));
#4562=CARTESIAN_POINT('',(27.7917734218019,-43.0000003427267,-21.6));
#4563=CARTESIAN_POINT('',(27.7917734218019,-43.0000003427267,-21.6));
#4564=CARTESIAN_POINT('',(27.7917734218019,-43.0000003427267,-21.6));
#4565=CARTESIAN_POINT('Origin',(-31.7917734927037,-43.0000003427267,-21.6));
#4566=CARTESIAN_POINT('',(-31.7917734927037,-92.106699728965,-21.6));
#4567=CARTESIAN_POINT('',(-16.8958867831593,-92.106699728965,-21.6));
#4568=CARTESIAN_POINT('',(-31.7917734927037,-43.0000003427267,-21.6));
#4569=CARTESIAN_POINT('',(-31.7917734927037,-43.0000003427267,-21.6));
#4570=CARTESIAN_POINT('',(-31.7917734927037,-43.0000003427267,-21.6));
#4571=CARTESIAN_POINT('Origin',(-32.9523367711891,-43.0000003427267,-19.942543867133));
#4572=CARTESIAN_POINT('',(-32.9523367711891,-91.6625856966732,-19.942543867133));
#4573=CARTESIAN_POINT('',(-30.8662142876812,-92.4608844927666,-22.9218355337747));
#4574=CARTESIAN_POINT('',(-32.9523367711891,-43.0000003427267,-19.942543867133));
#4575=CARTESIAN_POINT('',(-32.9523367711891,-43.0000003427267,-19.942543867133));
#4576=CARTESIAN_POINT('',(-32.9523367711891,-43.0000003427267,-19.942543867133));
#4577=CARTESIAN_POINT('Origin',(-31.6000003129244,-43.0000003427267,-19.942543867133));
#4578=CARTESIAN_POINT('',(-31.6000003129244,-91.6625856966732,-19.942543867133));
#4579=CARTESIAN_POINT('',(-16.8000001932696,-91.6625856966732,-19.942543867133));
#4580=CARTESIAN_POINT('',(-31.6000003129244,-43.0000003427267,-19.942543867133));
#4581=CARTESIAN_POINT('',(-31.6000003129244,-43.0000003427267,-19.942543867133));
#4582=CARTESIAN_POINT('',(-31.6000003129244,-43.0000003427267,-19.942543867133));
#4583=CARTESIAN_POINT('Origin',(-31.6000003129244,-43.0000003427267,-19.5425438701648));
#4584=CARTESIAN_POINT('',(-31.6000003129244,-90.0669317301851,-13.9874821929003));
#4585=CARTESIAN_POINT('',(-31.6000003129244,-43.0000003427267,-8.19999999999999));
#4586=CARTESIAN_POINT('Origin',(-2.00000007361484,-43.0000003427267,-20.5712719350824));
#4587=CARTESIAN_POINT('Origin',(-2.00000007361484,-91.8310528747391,-20.5712719350824));
#4588=CARTESIAN_POINT('',(0.,0.,0.));
#4589=CARTESIAN_POINT('',(0.,0.,0.));
#4590=CARTESIAN_POINT('',(0.,0.,0.));
#4591=CARTESIAN_POINT('Origin',(20.,-60.,-2.99999918788671));
#4592=CARTESIAN_POINT('',(-25.,-60.,-5.99999918788671));
#4593=CARTESIAN_POINT('',(20.,-60.,-5.99999918788671));
#4594=CARTESIAN_POINT('',(-6.49999963119626,-60.,-5.99999918788671));
#4595=CARTESIAN_POINT('',(-25.,-60.,-2.99999918788671));
#4596=CARTESIAN_POINT('',(-25.,-60.,-2.99999918788671));
#4597=CARTESIAN_POINT('',(20.,-60.,-2.99999918788671));
#4598=CARTESIAN_POINT('',(-6.49999963119626,-60.,-2.99999918788671));
#4599=CARTESIAN_POINT('',(20.,-60.,-2.99999918788671));
#4600=CARTESIAN_POINT('Origin',(20.,-50.,-2.99999918788671));
#4601=CARTESIAN_POINT('',(20.,-51.0000003427267,-5.99999918788671));
#4602=CARTESIAN_POINT('',(20.,-49.0000001713634,-5.99999918788671));
#4603=CARTESIAN_POINT('',(20.,-50.,-2.99999918788671));
#4604=CARTESIAN_POINT('',(20.,-49.0000001713634,-2.99999918788671));
#4605=CARTESIAN_POINT('',(20.,-50.,-8.2));
#4606=CARTESIAN_POINT('',(20.,-50.,-2.99999918788671));
#4607=CARTESIAN_POINT('',(20.,-51.0000003427267,-8.2));
#4608=CARTESIAN_POINT('',(20.,-59.0000001713634,-8.2));
#4609=CARTESIAN_POINT('',(20.,-51.0000003427267,7.95000058487058));
#4610=CARTESIAN_POINT('Origin',(-25.,-60.,-2.99999918788671));
#4611=CARTESIAN_POINT('',(-25.,-51.0000003427267,-5.99999918788671));
#4612=CARTESIAN_POINT('',(-25.,-54.0000001713634,-5.99999918788671));
#4613=CARTESIAN_POINT('',(-25.,-51.0000003427267,-8.2));
#4614=CARTESIAN_POINT('',(-25.,-51.0000003427267,7.95000058487058));
#4615=CARTESIAN_POINT('',(-25.,-50.,-8.2));
#4616=CARTESIAN_POINT('',(-25.,-64.0000001713634,-8.2));
#4617=CARTESIAN_POINT('',(-25.,-50.,-2.99999918788671));
#4618=CARTESIAN_POINT('',(-25.,-50.,-2.99999918788671));
#4619=CARTESIAN_POINT('',(-25.,-54.0000001713634,-2.99999918788671));
#4620=CARTESIAN_POINT('Origin',(-25.,-50.,-2.99999918788671));
#4621=CARTESIAN_POINT('',(-30.0000002607703,-50.,-8.2));
#4622=CARTESIAN_POINT('',(-28.9999996311963,-50.,-2.99999918788671));
#4623=CARTESIAN_POINT('Origin',(-32.9999992623925,-48.0000003427267,-5.99999918788671));
#4624=CARTESIAN_POINT('',(28.0000002160668,-51.0000003427267,-5.99999918788671));
#4625=CARTESIAN_POINT('',(-17.4999996554106,-51.0000003427267,-5.99999918788671));
#4626=CARTESIAN_POINT('',(28.0000002160668,-65.0000003427267,-5.99999918788672));
#4627=CARTESIAN_POINT('',(28.0000002160668,-58.0000003427267,-5.99999918788671));
#4628=CARTESIAN_POINT('',(-32.0000003129244,-65.0000003427267,-5.99999918788671));
#4629=CARTESIAN_POINT('',(-17.4999996554106,-65.0000003427267,-5.99999918788672));
#4630=CARTESIAN_POINT('',(-32.0000003129244,-51.0000003427267,-5.99999918788671));
#4631=CARTESIAN_POINT('',(-32.0000003129244,-58.0000003427267,-5.99999918788671));
#4632=CARTESIAN_POINT('',(-17.4999996554106,-51.0000003427267,-5.99999918788671));
#4633=CARTESIAN_POINT('Origin',(-2.00000004842877,-51.0000003427267,18.9000003576279));
#4634=CARTESIAN_POINT('',(28.0000002160668,-51.0000003427267,-8.2));
#4635=CARTESIAN_POINT('',(-18.5000002849847,-51.0000003427267,-8.2));
#4636=CARTESIAN_POINT('',(28.0000002160668,-51.0000003427267,30.8500005364418));
#4637=CARTESIAN_POINT('Origin',(-33.7207296219775,-43.0000003427267,-19.542543867133));
#4638=CARTESIAN_POINT('',(-33.7207296219775,-91.5554060197008,-19.542543867133));
#4639=CARTESIAN_POINT('',(-32.0000003129244,-92.2138794059374,-22.));
#4640=CARTESIAN_POINT('',(-31.3634529249507,-92.4574676983282,-22.9090838833315));
#4641=CARTESIAN_POINT('',(-32.0000003129244,-43.0000003427267,-22.));
#4642=CARTESIAN_POINT('',(-32.0000003129244,-68.0000003427267,-22.));
#4643=CARTESIAN_POINT('',(-33.7207296219775,-43.0000003427267,-19.542543867133));
#4644=CARTESIAN_POINT('',(-29.5699780821967,-43.0000003427267,-25.4704314051528));
#4645=CARTESIAN_POINT('',(-33.7207296219775,-43.0000003427267,-19.542543867133));
#4646=CARTESIAN_POINT('Origin',(-2.00000002980232,-43.0000003427267,-19.542543867133));
#4647=CARTESIAN_POINT('',(-32.0000003129244,-91.5554060197008,-19.542543867133));
#4648=CARTESIAN_POINT('',(-32.0000003129244,-43.0000003427267,-19.542543867133));
#4649=CARTESIAN_POINT('',(-32.0000003129244,-55.5000003427267,-19.542543867133));
#4650=CARTESIAN_POINT('',(-2.00000002980232,-91.5554060197008,-19.542543867133));
#4651=CARTESIAN_POINT('',(-2.00000002980232,-43.0000003427267,-19.542543867133));
#4652=CARTESIAN_POINT('Origin',(29.7207295623729,-43.0000003427267,-19.5425443479918));
#4653=CARTESIAN_POINT('',(28.0000002160668,-43.0000003427267,-19.542544321907));
#4654=CARTESIAN_POINT('',(28.0000002160668,-91.5554061415571,-19.542544321907));
#4655=CARTESIAN_POINT('',(28.0000002160668,-55.5000003427267,-19.542544321907));
#4656=CARTESIAN_POINT('',(29.7207295623729,-43.0000003427267,-19.5425443479918));
#4657=CARTESIAN_POINT('',(13.8603647318548,-43.0000003427267,-19.5425441075624));
#4658=CARTESIAN_POINT('',(29.7207295623729,-91.5554061485465,-19.5425443479918));
#4659=CARTESIAN_POINT('',(29.7207295623729,-43.0000003427267,-19.5425443479918));
#4660=CARTESIAN_POINT('',(13.8603646776541,-91.5554060841237,-19.5425441075624));
#4661=CARTESIAN_POINT('Origin',(28.0000002160668,-43.0000003427267,-22.000000454774));
#4662=CARTESIAN_POINT('',(28.0000002160668,-92.2138794059374,-22.));
#4663=CARTESIAN_POINT('',(26.5426322675157,-92.7715721131786,-24.0813375184348));
#4664=CARTESIAN_POINT('',(28.0000002160668,-43.0000003427267,-22.));
#4665=CARTESIAN_POINT('',(24.7096132482501,-43.0000003427267,-26.6991598926579));
#4666=CARTESIAN_POINT('',(28.0000002160668,-68.0000003427267,-22.));
#4667=CARTESIAN_POINT('Origin',(-2.00000002980232,-43.0000003427267,-15.));
#4668=CARTESIAN_POINT('',(-35.0000005215406,-43.0000003427267,-5.2));
#4669=CARTESIAN_POINT('',(31.000000461936,-43.0000003427267,-5.2));
#4670=CARTESIAN_POINT('',(-18.5000002756715,-43.0000003427267,-5.2));
#4671=CARTESIAN_POINT('',(31.000000461936,-43.0000003427267,-25.));
#4672=CARTESIAN_POINT('',(31.0000002160668,-43.0000003427267,13.9000003576279));
#4673=CARTESIAN_POINT('',(-35.0000005215406,-43.0000003427267,-25.));
#4674=CARTESIAN_POINT('',(14.5000002160668,-43.0000003427267,-25.));
#4675=CARTESIAN_POINT('',(-35.0000003129244,-43.0000003427267,-10.));
#4676=CARTESIAN_POINT('',(14.5000002160668,-43.0000003427267,-22.));
#4677=CARTESIAN_POINT('',(28.0000002160668,-43.0000003427267,-8.2));
#4678=CARTESIAN_POINT('',(28.0000002160668,-43.0000003427267,13.9000003576279));
#4679=CARTESIAN_POINT('',(-32.0000003129244,-43.0000003427267,-8.2));
#4680=CARTESIAN_POINT('',(-18.5000002756715,-43.0000003427267,-8.2));
#4681=CARTESIAN_POINT('',(-32.0000003129244,-43.0000003427267,-10.));
#4682=CARTESIAN_POINT('Origin',(16.975,-79.5944614139676,-13.0508225273208));
#4683=CARTESIAN_POINT('',(7.44999999999998,-87.2261721625431,-16.2119806234893));
#4684=CARTESIAN_POINT('',(10.475,-88.8332567390804,-16.8776568509717));
#4685=CARTESIAN_POINT('Origin',(10.475,-85.5996783752909,-15.5382648376939));
#4686=CARTESIAN_POINT('',(4.42499999999999,-88.8332567390804,-16.8776568509717));
#4687=CARTESIAN_POINT('Origin',(4.42499999999999,-85.5996783752909,-15.5382648376939));
#4688=CARTESIAN_POINT('',(-8.57500000000001,-88.8332567390804,-16.8776568509717));
#4689=CARTESIAN_POINT('',(10.7,-88.8332567390804,-16.8776568509717));
#4690=CARTESIAN_POINT('',(-11.6,-87.2261721625431,-16.2119806234893));
#4691=CARTESIAN_POINT('Origin',(-8.57500000000001,-85.5996783752909,-15.5382648376939));
#4692=CARTESIAN_POINT('',(-14.625,-88.8332567390804,-16.8776568509717));
#4693=CARTESIAN_POINT('Origin',(-14.625,-85.5996783752909,-15.5382648376939));
#4694=CARTESIAN_POINT('',(-27.625,-88.8332567390804,-16.8776568509717));
#4695=CARTESIAN_POINT('',(1.17499999999999,-88.8332567390804,-16.8776568509717));
#4696=CARTESIAN_POINT('',(-31.125,-85.5996783752909,-15.5382648376939));
#4697=CARTESIAN_POINT('Origin',(-27.625,-85.5996783752909,-15.5382648376939));
#4698=CARTESIAN_POINT('',(-31.125,-73.5892444526442,-10.5633802169477));
#4699=CARTESIAN_POINT('',(-31.125,-82.5970698946292,-14.2945436825073));
#4700=CARTESIAN_POINT('',(-27.625,-70.3556660888547,-9.22398820366991));
#4701=CARTESIAN_POINT('Origin',(-27.625,-73.5892444526442,-10.5633802169477));
#4702=CARTESIAN_POINT('',(-14.625,-70.3556660888547,-9.22398820366991));
#4703=CARTESIAN_POINT('',(-5.32500000000001,-70.3556660888547,-9.22398820366991));
#4704=CARTESIAN_POINT('',(-11.6,-71.962750665392,-9.88966443115227));
#4705=CARTESIAN_POINT('Origin',(-14.625,-73.5892444526442,-10.5633802169477));
#4706=CARTESIAN_POINT('',(-8.57500000000001,-70.3556660888547,-9.22398820366991));
#4707=CARTESIAN_POINT('Origin',(-8.57500000000001,-73.5892444526442,-10.5633802169477));
#4708=CARTESIAN_POINT('',(4.42499999999999,-70.3556660888547,-9.22398820366991));
#4709=CARTESIAN_POINT('',(4.19999999999999,-70.3556660888547,-9.22398820366992));
#4710=CARTESIAN_POINT('',(7.44999999999999,-71.962750665392,-9.88966443115227));
#4711=CARTESIAN_POINT('Origin',(4.42499999999999,-73.5892444526442,-10.5633802169477));
#4712=CARTESIAN_POINT('',(10.475,-70.3556660888547,-9.22398820366991));
#4713=CARTESIAN_POINT('Origin',(10.475,-73.5892444526442,-10.5633802169477));
#4714=CARTESIAN_POINT('',(23.475,-70.3556660888547,-9.22398820366991));
#4715=CARTESIAN_POINT('',(13.725,-70.3556660888547,-9.22398820366991));
#4716=CARTESIAN_POINT('',(26.975,-73.5892444526442,-10.5633802169477));
#4717=CARTESIAN_POINT('Origin',(23.475,-73.5892444526442,-10.5633802169477));
#4718=CARTESIAN_POINT('',(26.975,-85.5996783752909,-15.5382648376939));
#4719=CARTESIAN_POINT('',(26.975,-76.5918529333059,-11.8071013721343));
#4720=CARTESIAN_POINT('',(23.475,-88.8332567390804,-16.8776568509717));
#4721=CARTESIAN_POINT('Origin',(23.475,-85.5996783752909,-15.5382648376939));
#4722=CARTESIAN_POINT('',(20.225,-88.8332567390804,-16.8776568509717));
#4723=CARTESIAN_POINT('',(-14.125,-73.5892444526442,-10.5633802169477));
#4724=CARTESIAN_POINT('',(-14.125,-85.5996783752909,-15.5382648376939));
#4725=CARTESIAN_POINT('',(-14.125,-76.5918529333059,-11.8071013721343));
#4726=CARTESIAN_POINT('',(-14.625,-73.1273046863885,-10.3720385007652));
#4727=CARTESIAN_POINT('Origin',(-14.625,-73.5892444526442,-10.5633802169477));
#4728=CARTESIAN_POINT('',(-27.625,-73.1273046863885,-10.3720385007652));
#4729=CARTESIAN_POINT('',(-5.32500000000001,-73.1273046863885,-10.3720385007652));
#4730=CARTESIAN_POINT('',(-28.125,-73.5892444526442,-10.5633802169477));
#4731=CARTESIAN_POINT('Origin',(-27.625,-73.5892444526442,-10.5633802169477));
#4732=CARTESIAN_POINT('',(-28.125,-85.5996783752909,-15.5382648376939));
#4733=CARTESIAN_POINT('',(-28.125,-82.5970698946292,-14.2945436825073));
#4734=CARTESIAN_POINT('',(-27.625,-86.0616181415465,-15.7296065538764));
#4735=CARTESIAN_POINT('Origin',(-27.625,-85.5996783752909,-15.5382648376939));
#4736=CARTESIAN_POINT('',(-14.625,-86.0616181415465,-15.7296065538764));
#4737=CARTESIAN_POINT('',(1.17499999999999,-86.0616181415465,-15.7296065538764));
#4738=CARTESIAN_POINT('Origin',(-14.625,-85.5996783752909,-15.5382648376939));
#4739=CARTESIAN_POINT('',(-8.57500000000001,-73.1273046863885,-10.3720385007652));
#4740=CARTESIAN_POINT('',(4.42499999999999,-73.1273046863885,-10.3720385007652));
#4741=CARTESIAN_POINT('',(4.19999999999999,-73.1273046863885,-10.3720385007652));
#4742=CARTESIAN_POINT('',(-9.07500000000001,-73.5892444526442,-10.5633802169477));
#4743=CARTESIAN_POINT('Origin',(-8.57500000000001,-73.5892444526442,-10.5633802169477));
#4744=CARTESIAN_POINT('',(-9.07500000000001,-85.5996783752909,-15.5382648376939));
#4745=CARTESIAN_POINT('',(-9.07500000000001,-82.5970698946292,-14.2945436825073));
#4746=CARTESIAN_POINT('',(-8.57500000000001,-86.0616181415465,-15.7296065538764));
#4747=CARTESIAN_POINT('Origin',(-8.57500000000001,-85.5996783752909,-15.5382648376939));
#4748=CARTESIAN_POINT('',(4.42499999999999,-86.0616181415465,-15.7296065538764));
#4749=CARTESIAN_POINT('',(10.7,-86.0616181415465,-15.7296065538764));
#4750=CARTESIAN_POINT('',(4.92499999999999,-85.5996783752909,-15.5382648376939));
#4751=CARTESIAN_POINT('Origin',(4.42499999999999,-85.5996783752909,-15.5382648376939));
#4752=CARTESIAN_POINT('',(4.92499999999999,-73.5892444526442,-10.5633802169477));
#4753=CARTESIAN_POINT('',(4.92499999999999,-76.5918529333059,-11.8071013721343));
#4754=CARTESIAN_POINT('Origin',(4.42499999999999,-73.5892444526442,-10.5633802169477));
#4755=CARTESIAN_POINT('',(23.975,-73.5892444526442,-10.5633802169477));
#4756=CARTESIAN_POINT('',(23.975,-85.5996783752909,-15.5382648376939));
#4757=CARTESIAN_POINT('',(23.975,-76.5918529333059,-11.8071013721343));
#4758=CARTESIAN_POINT('',(23.475,-73.1273046863885,-10.3720385007652));
#4759=CARTESIAN_POINT('Origin',(23.475,-73.5892444526442,-10.5633802169477));
#4760=CARTESIAN_POINT('',(10.475,-73.1273046863885,-10.3720385007652));
#4761=CARTESIAN_POINT('',(13.725,-73.1273046863885,-10.3720385007652));
#4762=CARTESIAN_POINT('',(9.97499999999999,-73.5892444526442,-10.5633802169477));
#4763=CARTESIAN_POINT('Origin',(10.475,-73.5892444526442,-10.5633802169477));
#4764=CARTESIAN_POINT('',(9.97499999999999,-85.5996783752909,-15.5382648376939));
#4765=CARTESIAN_POINT('',(9.97499999999999,-82.5970698946292,-14.2945436825073));
#4766=CARTESIAN_POINT('',(10.475,-86.0616181415465,-15.7296065538764));
#4767=CARTESIAN_POINT('Origin',(10.475,-85.5996783752909,-15.5382648376939));
#4768=CARTESIAN_POINT('',(23.475,-86.0616181415465,-15.7296065538764));
#4769=CARTESIAN_POINT('',(20.225,-86.0616181415465,-15.7296065538764));
#4770=CARTESIAN_POINT('Origin',(23.475,-85.5996783752909,-15.5382648376939));
#4771=CARTESIAN_POINT('Origin',(9.97499999999999,-87.1151047674567,-11.8797018889492));
#4772=CARTESIAN_POINT('',(9.97499999999999,-74.7376705161199,-7.79083443912193));
#4773=CARTESIAN_POINT('',(9.97499999999999,-75.1046708448099,-6.90481726820302));
#4774=CARTESIAN_POINT('',(9.97499999999999,-86.7481044387666,-12.7657190598681));
#4775=CARTESIAN_POINT('',(9.97499999999999,-83.7757028201962,-11.5345099966365));
#4776=CARTESIAN_POINT('',(9.97499999999999,-87.1151047674567,-11.8797018889492));
#4777=CARTESIAN_POINT('Origin',(10.475,-75.1046708448099,-6.90481726820302));
#4778=CARTESIAN_POINT('',(10.475,-74.2757307498642,-7.59949272293938));
#4779=CARTESIAN_POINT('',(10.475,-74.6427310785543,-6.71347555202047));
#4780=CARTESIAN_POINT('Origin',(10.475,-74.7376705161199,-7.79083443912193));
#4781=CARTESIAN_POINT('Origin',(10.475,-74.6427310785543,-6.71347555202047));
#4782=CARTESIAN_POINT('',(23.475,-74.2757307498642,-7.59949272293938));
#4783=CARTESIAN_POINT('',(23.475,-74.6427310785543,-6.71347555202047));
#4784=CARTESIAN_POINT('',(12.4875001080334,-74.2757307498642,-7.59949272293938));
#4785=CARTESIAN_POINT('Origin',(23.475,-75.1046708448099,-6.90481726820302));
#4786=CARTESIAN_POINT('',(23.975,-74.7376705161199,-7.79083443912193));
#4787=CARTESIAN_POINT('',(23.975,-75.1046708448099,-6.90481726820302));
#4788=CARTESIAN_POINT('Origin',(23.475,-74.7376705161199,-7.79083443912193));
#4789=CARTESIAN_POINT('Origin',(4.42499999999999,-87.5770445337123,-12.0710436051317));
#4790=CARTESIAN_POINT('',(-8.57500000000001,-87.2100442050223,-12.9570607760506));
#4791=CARTESIAN_POINT('',(-8.57500000000001,-87.5770445337123,-12.0710436051317));
#4792=CARTESIAN_POINT('',(4.42499999999999,-87.2100442050223,-12.9570607760506));
#4793=CARTESIAN_POINT('',(9.46250010803341,-87.2100442050222,-12.9570607760506));
#4794=CARTESIAN_POINT('',(4.42499999999999,-87.5770445337123,-12.0710436051317));
#4795=CARTESIAN_POINT('Origin',(-8.57500000000001,-87.1151047674567,-11.8797018889492));
#4796=CARTESIAN_POINT('',(-9.07500000000001,-86.7481044387666,-12.7657190598681));
#4797=CARTESIAN_POINT('',(-9.07500000000001,-87.1151047674567,-11.8797018889492));
#4798=CARTESIAN_POINT('Origin',(-8.57500000000001,-86.7481044387666,-12.7657190598681));
#4799=CARTESIAN_POINT('Origin',(-9.07500000000002,-87.1151047674567,-11.8797018889492));
#4800=CARTESIAN_POINT('',(-9.07500000000001,-74.7376705161199,-7.79083443912193));
#4801=CARTESIAN_POINT('',(-9.07500000000001,-75.1046708448099,-6.90481726820302));
#4802=CARTESIAN_POINT('',(-9.07500000000002,-83.7757028201962,-11.5345099966365));
#4803=CARTESIAN_POINT('Origin',(-8.57500000000001,-75.1046708448099,-6.90481726820302));
#4804=CARTESIAN_POINT('',(-8.57500000000001,-74.2757307498642,-7.59949272293938));
#4805=CARTESIAN_POINT('',(-8.57500000000001,-74.6427310785543,-6.71347555202048));
#4806=CARTESIAN_POINT('Origin',(-8.57500000000001,-74.7376705161199,-7.79083443912193));
#4807=CARTESIAN_POINT('Origin',(-28.125,-87.1151047674567,-11.8797018889492));
#4808=CARTESIAN_POINT('',(-28.125,-74.7376705161199,-7.79083443912193));
#4809=CARTESIAN_POINT('',(-28.125,-75.1046708448099,-6.90481726820302));
#4810=CARTESIAN_POINT('',(-28.125,-86.7481044387666,-12.7657190598681));
#4811=CARTESIAN_POINT('',(-28.125,-83.7757028201962,-11.5345099966365));
#4812=CARTESIAN_POINT('',(-28.125,-87.1151047674567,-11.8797018889492));
#4813=CARTESIAN_POINT('Origin',(-27.625,-75.1046708448099,-6.90481726820302));
#4814=CARTESIAN_POINT('',(-27.625,-74.2757307498642,-7.59949272293938));
#4815=CARTESIAN_POINT('',(-27.625,-74.6427310785543,-6.71347555202048));
#4816=CARTESIAN_POINT('Origin',(-27.625,-74.7376705161199,-7.79083443912193));
#4817=CARTESIAN_POINT('Origin',(-27.625,-74.6427310785543,-6.71347555202048));
#4818=CARTESIAN_POINT('',(-14.625,-74.2757307498642,-7.59949272293938));
#4819=CARTESIAN_POINT('',(-14.625,-74.6427310785543,-6.71347555202048));
#4820=CARTESIAN_POINT('',(-6.56249989196659,-74.2757307498642,-7.59949272293938));
#4821=CARTESIAN_POINT('Origin',(-14.625,-75.1046708448099,-6.90481726820302));
#4822=CARTESIAN_POINT('',(-14.125,-74.7376705161199,-7.79083443912193));
#4823=CARTESIAN_POINT('',(-14.125,-75.1046708448099,-6.90481726820302));
#4824=CARTESIAN_POINT('Origin',(-14.625,-74.7376705161199,-7.79083443912193));
#4825=CARTESIAN_POINT('Origin',(-8.57500000000001,-75.1046708448099,-6.90481726820302));
#4826=CARTESIAN_POINT('',(-11.6,-71.9631264317724,-9.88875725086034));
#4827=CARTESIAN_POINT('',(-11.6,-73.4781770575577,-6.23110148240758));
#4828=CARTESIAN_POINT('',(-8.57500000000001,-70.3560418552351,-9.22308102337798));
#4829=CARTESIAN_POINT('Origin',(-8.57500000000001,-73.5896202190246,-10.5624730366558));
#4830=CARTESIAN_POINT('',(-8.57500000000001,-71.8710924810204,-5.56542525492521));
#4831=CARTESIAN_POINT('Origin',(-14.625,-75.1046708448099,-6.90481726820302));
#4832=CARTESIAN_POINT('',(-14.625,-70.3560418552351,-9.22308102337798));
#4833=CARTESIAN_POINT('',(-14.625,-71.8710924810204,-5.56542525492521));
#4834=CARTESIAN_POINT('Origin',(-14.625,-73.5896202190246,-10.5624730366558));
#4835=CARTESIAN_POINT('Origin',(-27.625,-71.8710924810204,-5.56542525492521));
#4836=CARTESIAN_POINT('',(-27.625,-70.3560418552351,-9.22308102337798));
#4837=CARTESIAN_POINT('',(-27.625,-71.8710924810204,-5.56542525492521));
#4838=CARTESIAN_POINT('',(-6.56249989196659,-70.3560418552351,-9.22308102337798));
#4839=CARTESIAN_POINT('Origin',(-27.625,-75.1046708448099,-6.90481726820302));
#4840=CARTESIAN_POINT('',(-31.125,-73.5896202190246,-10.5624730366558));
#4841=CARTESIAN_POINT('',(-31.125,-75.1046708448099,-6.90481726820302));
#4842=CARTESIAN_POINT('Origin',(-27.625,-73.5896202190246,-10.5624730366558));
#4843=CARTESIAN_POINT('Origin',(-31.125,-87.1151047674567,-11.8797018889492));
#4844=CARTESIAN_POINT('',(-31.125,-85.6000541416713,-15.537357657402));
#4845=CARTESIAN_POINT('',(-31.125,-87.1151047674567,-11.8797018889492));
#4846=CARTESIAN_POINT('',(-31.125,-82.6276525231009,-14.3061485941704));
#4847=CARTESIAN_POINT('Origin',(-27.625,-87.1151047674567,-11.8797018889492));
#4848=CARTESIAN_POINT('',(-27.625,-88.8336325054608,-16.8767496706798));
#4849=CARTESIAN_POINT('',(-27.625,-90.3486831312462,-13.219093902227));
#4850=CARTESIAN_POINT('Origin',(-27.625,-85.6000541416713,-15.5373576574019));
#4851=CARTESIAN_POINT('Origin',(-14.625,-90.3486831312462,-13.219093902227));
#4852=CARTESIAN_POINT('',(-14.625,-88.8336325054608,-16.8767496706798));
#4853=CARTESIAN_POINT('',(-14.625,-90.3486831312462,-13.219093902227));
#4854=CARTESIAN_POINT('',(-0.0624998919665864,-88.8336325054608,-16.8767496706798));
#4855=CARTESIAN_POINT('Origin',(-14.625,-87.1151047674567,-11.8797018889492));
#4856=CARTESIAN_POINT('',(-11.6,-87.2265479289236,-16.2110734431974));
#4857=CARTESIAN_POINT('',(-11.6,-88.7415985547089,-12.5534176747446));
#4858=CARTESIAN_POINT('Origin',(-14.625,-85.6000541416713,-15.5373576574019));
#4859=CARTESIAN_POINT('Origin',(-8.57500000000001,-87.1151047674567,-11.8797018889492));
#4860=CARTESIAN_POINT('',(-8.57500000000001,-88.8336325054608,-16.8767496706798));
#4861=CARTESIAN_POINT('',(-8.57500000000001,-90.3486831312462,-13.219093902227));
#4862=CARTESIAN_POINT('Origin',(-8.57500000000001,-85.6000541416713,-15.537357657402));
#4863=CARTESIAN_POINT('Origin',(4.42499999999999,-90.3486831312462,-13.219093902227));
#4864=CARTESIAN_POINT('',(4.42499999999999,-88.8336325054608,-16.8767496706798));
#4865=CARTESIAN_POINT('',(4.42499999999999,-90.3486831312462,-13.219093902227));
#4866=CARTESIAN_POINT('',(9.46250010803342,-88.8336325054608,-16.8767496706798));
#4867=CARTESIAN_POINT('Origin',(10.475,-75.1046708448099,-6.90481726820302));
#4868=CARTESIAN_POINT('',(7.44999999999999,-71.9631264317724,-9.88875725086035));
#4869=CARTESIAN_POINT('',(7.44999999999999,-73.4781770575577,-6.23110148240758));
#4870=CARTESIAN_POINT('',(10.475,-70.3560418552351,-9.22308102337798));
#4871=CARTESIAN_POINT('Origin',(10.475,-73.5896202190246,-10.5624730366558));
#4872=CARTESIAN_POINT('',(10.475,-71.8710924810204,-5.56542525492521));
#4873=CARTESIAN_POINT('Origin',(10.475,-87.1151047674567,-11.8797018889492));
#4874=CARTESIAN_POINT('',(10.475,-88.8336325054608,-16.8767496706798));
#4875=CARTESIAN_POINT('',(10.475,-90.3486831312462,-13.219093902227));
#4876=CARTESIAN_POINT('',(7.44999999999998,-87.2265479289235,-16.2110734431974));
#4877=CARTESIAN_POINT('Origin',(10.475,-85.6000541416714,-15.537357657402));
#4878=CARTESIAN_POINT('',(7.44999999999998,-88.7415985547089,-12.5534176747446));
#4879=CARTESIAN_POINT('Origin',(-8.57500000000001,-71.8710924810204,-5.56542525492521));
#4880=CARTESIAN_POINT('',(4.42499999999999,-70.3560418552351,-9.22308102337798));
#4881=CARTESIAN_POINT('',(2.96250010803341,-70.3560418552351,-9.22308102337798));
#4882=CARTESIAN_POINT('',(4.42499999999999,-71.8710924810204,-5.56542525492521));
#4883=CARTESIAN_POINT('Origin',(4.42499999999999,-87.1151047674567,-11.8797018889492));
#4884=CARTESIAN_POINT('Origin',(4.42499999999999,-85.6000541416713,-15.5373576574019));
#4885=CARTESIAN_POINT('Origin',(4.42499999999999,-75.1046708448099,-6.90481726820302));
#4886=CARTESIAN_POINT('Origin',(4.42499999999999,-73.5896202190246,-10.5624730366558));
#4887=CARTESIAN_POINT('Origin',(10.475,-71.8710924810204,-5.56542525492521));
#4888=CARTESIAN_POINT('',(23.475,-70.3560418552351,-9.22308102337798));
#4889=CARTESIAN_POINT('',(12.4875001080334,-70.3560418552351,-9.22308102337798));
#4890=CARTESIAN_POINT('',(23.475,-71.8710924810204,-5.5654252549252));
#4891=CARTESIAN_POINT('Origin',(23.475,-75.1046708448099,-6.90481726820302));
#4892=CARTESIAN_POINT('',(26.975,-73.5896202190246,-10.5624730366558));
#4893=CARTESIAN_POINT('Origin',(23.475,-73.5896202190246,-10.5624730366558));
#4894=CARTESIAN_POINT('',(26.975,-75.1046708448099,-6.90481726820302));
#4895=CARTESIAN_POINT('Origin',(26.975,-75.1046708448099,-6.90481726820302));
#4896=CARTESIAN_POINT('',(26.975,-85.6000541416714,-15.537357657402));
#4897=CARTESIAN_POINT('',(26.975,-76.6224355617776,-11.8187062837973));
#4898=CARTESIAN_POINT('',(26.975,-87.1151047674567,-11.8797018889492));
#4899=CARTESIAN_POINT('Origin',(23.475,-90.3486831312462,-13.219093902227));
#4900=CARTESIAN_POINT('',(23.475,-88.8336325054608,-16.8767496706798));
#4901=CARTESIAN_POINT('',(23.475,-90.3486831312462,-13.219093902227));
#4902=CARTESIAN_POINT('',(18.9875001080334,-88.8336325054608,-16.8767496706798));
#4903=CARTESIAN_POINT('Origin',(23.475,-87.1151047674567,-11.8797018889492));
#4904=CARTESIAN_POINT('Origin',(23.475,-85.6000541416714,-15.537357657402));
#4905=CARTESIAN_POINT('Origin',(-35.0000005215406,-68.0000003427267,-8.2));
#4906=CARTESIAN_POINT('',(-32.0000003129244,-51.0000003427267,-8.2));
#4907=CARTESIAN_POINT('',(-18.5000002849847,-51.0000003427267,-8.2));
#4908=CARTESIAN_POINT('',(-32.0000003129244,-68.0000003427267,-8.2));
#4909=CARTESIAN_POINT('',(28.0000002160668,-68.0000003427267,-8.19999999999999));
#4910=CARTESIAN_POINT('Origin',(-32.0000003129244,-68.0000003427267,-5.));
#4911=CARTESIAN_POINT('',(-32.0000003129244,-51.0000003427267,6.95000017881394));
#4912=CARTESIAN_POINT('',(-32.0000003129244,-65.0000003427267,-7.0045359882637));
#4913=CARTESIAN_POINT('',(-32.0000003129244,-65.0000003427267,6.95000017881393));
#4914=CARTESIAN_POINT('',(-32.0000003129244,-91.091730866444,-17.8120846369714));
#4915=CARTESIAN_POINT('',(-32.0000003129244,-73.2536004619101,-10.4232890960337));
#4916=CARTESIAN_POINT('',(-32.0000003129244,-87.8782932086439,-5.81937203110615));
#4917=CARTESIAN_POINT('Origin',(14.5000002160668,-79.6552509045306,-13.0749395309388));
#4918=CARTESIAN_POINT('',(28.0000002160668,-91.091730866444,-17.8120846369714));
#4919=CARTESIAN_POINT('',(28.0000002160668,-65.0000003427267,-7.0045359882637));
#4920=CARTESIAN_POINT('',(28.0000002160668,-64.8036743002904,-6.92321507883952));
#4921=CARTESIAN_POINT('',(6.25000009313226,-91.091730866444,-17.8120846369715));
#4922=CARTESIAN_POINT('',(6.25000008381903,-65.0000003427267,-7.0045359882637));
#4923=CARTESIAN_POINT('Origin',(28.0000002160668,-68.0000003427267,42.8000007152557));
#4924=CARTESIAN_POINT('',(28.0000002160668,-81.9032931192369,16.4796318777892));
#4925=CARTESIAN_POINT('',(28.0000002160668,-65.0000003427267,30.8500005364418));
#4926=CARTESIAN_POINT('Origin',(-2.00000002980232,-89.4147293465034,-11.5534297601827));
#4927=CARTESIAN_POINT('',(14.5000002160668,-92.2138794059374,-22.));
#4928=CARTESIAN_POINT('Origin',(31.000000461936,-68.0000003427267,-22.));
#4929=CARTESIAN_POINT('Origin',(-2.00000004842877,-65.0000003427267,18.9000003576279));
#4930=CARTESIAN_POINT('Origin',(-2.00000004842877,-51.0000003427267,18.9000003576279));
#4931=CARTESIAN_POINT('Origin',(-14.125,-75.1046708448099,-6.90481726820302));
#4932=CARTESIAN_POINT('',(-14.125,-86.7481044387666,-12.7657190598681));
#4933=CARTESIAN_POINT('',(-14.125,-87.1151047674567,-11.8797018889492));
#4934=CARTESIAN_POINT('',(-14.125,-77.7704858588729,-9.04706768626342));
#4935=CARTESIAN_POINT('Origin',(-27.625,-87.1151047674567,-11.8797018889492));
#4936=CARTESIAN_POINT('',(-27.625,-87.2100442050223,-12.9570607760506));
#4937=CARTESIAN_POINT('Origin',(-27.625,-86.7481044387666,-12.7657190598681));
#4938=CARTESIAN_POINT('',(-27.625,-87.5770445337123,-12.0710436051317));
#4939=CARTESIAN_POINT('Origin',(-14.625,-87.5770445337123,-12.0710436051317));
#4940=CARTESIAN_POINT('',(-14.625,-87.2100442050223,-12.9570607760506));
#4941=CARTESIAN_POINT('',(-0.0624998919665861,-87.2100442050223,-12.9570607760506));
#4942=CARTESIAN_POINT('',(-14.625,-87.5770445337123,-12.0710436051317));
#4943=CARTESIAN_POINT('Origin',(-14.625,-87.1151047674567,-11.8797018889492));
#4944=CARTESIAN_POINT('Origin',(-14.625,-86.7481044387666,-12.7657190598681));
#4945=CARTESIAN_POINT('Origin',(-8.57500000000001,-74.6427310785543,-6.71347555202048));
#4946=CARTESIAN_POINT('',(4.42499999999999,-74.2757307498642,-7.59949272293938));
#4947=CARTESIAN_POINT('',(4.42499999999999,-74.6427310785543,-6.71347555202048));
#4948=CARTESIAN_POINT('',(2.96250010803341,-74.2757307498642,-7.59949272293938));
#4949=CARTESIAN_POINT('Origin',(4.42499999999999,-87.1151047674567,-11.8797018889492));
#4950=CARTESIAN_POINT('',(4.92499999999999,-86.7481044387666,-12.7657190598681));
#4951=CARTESIAN_POINT('Origin',(4.42499999999999,-86.7481044387666,-12.7657190598681));
#4952=CARTESIAN_POINT('',(4.92499999999999,-87.1151047674567,-11.8797018889492));
#4953=CARTESIAN_POINT('Origin',(4.92499999999999,-75.1046708448099,-6.90481726820302));
#4954=CARTESIAN_POINT('',(4.92499999999999,-74.7376705161199,-7.79083443912193));
#4955=CARTESIAN_POINT('',(4.92499999999999,-77.7704858588729,-9.04706768626342));
#4956=CARTESIAN_POINT('',(4.92499999999999,-75.1046708448099,-6.90481726820302));
#4957=CARTESIAN_POINT('Origin',(4.42499999999999,-75.1046708448099,-6.90481726820302));
#4958=CARTESIAN_POINT('Origin',(4.42499999999999,-74.7376705161199,-7.79083443912193));
#4959=CARTESIAN_POINT('Origin',(23.975,-75.1046708448099,-6.90481726820302));
#4960=CARTESIAN_POINT('',(23.975,-86.7481044387666,-12.7657190598681));
#4961=CARTESIAN_POINT('',(23.975,-87.1151047674567,-11.8797018889492));
#4962=CARTESIAN_POINT('',(23.975,-77.7704858588729,-9.04706768626342));
#4963=CARTESIAN_POINT('Origin',(10.475,-87.1151047674567,-11.8797018889492));
#4964=CARTESIAN_POINT('',(10.475,-87.2100442050223,-12.9570607760506));
#4965=CARTESIAN_POINT('Origin',(10.475,-86.7481044387666,-12.7657190598681));
#4966=CARTESIAN_POINT('',(10.475,-87.5770445337123,-12.0710436051317));
#4967=CARTESIAN_POINT('Origin',(23.475,-87.5770445337123,-12.0710436051317));
#4968=CARTESIAN_POINT('',(23.475,-87.2100442050223,-12.9570607760506));
#4969=CARTESIAN_POINT('',(18.9875001080334,-87.2100442050222,-12.9570607760506));
#4970=CARTESIAN_POINT('',(23.475,-87.5770445337123,-12.0710436051317));
#4971=CARTESIAN_POINT('Origin',(23.475,-87.1151047674567,-11.8797018889492));
#4972=CARTESIAN_POINT('Origin',(23.475,-86.7481044387666,-12.7657190598681));
#4973=CARTESIAN_POINT('Origin',(-35.0000005215406,-68.0000003427267,-5.2));
#4974=CARTESIAN_POINT('',(-35.0000003129244,-48.0000003427267,-5.2));
#4975=CARTESIAN_POINT('',(-35.0000003129244,-68.0000003427267,-5.2));
#4976=CARTESIAN_POINT('',(31.0000002160668,-48.0000003427267,-5.2));
#4977=CARTESIAN_POINT('',(31.0000002160668,-48.0000003427267,-5.2));
#4978=CARTESIAN_POINT('',(31.0000002160668,-68.0000003427267,-5.2));
#4979=CARTESIAN_POINT('Origin',(-35.0000003129244,-68.0000003427267,-5.));
#4980=CARTESIAN_POINT('',(-35.0000003129244,-48.0000003427267,37.8000007152557));
#4981=CARTESIAN_POINT('',(-35.0000003129244,-48.0000003427267,-5.));
#4982=CARTESIAN_POINT('',(-35.0000003129244,-96.123555524461,-25.));
#4983=CARTESIAN_POINT('',(-35.0000005215406,-68.0000003427267,-25.));
#4984=CARTESIAN_POINT('',(-35.0000003129244,-93.6066020605249,-15.606601792304));
#4985=CARTESIAN_POINT('',(-35.0000003129244,-90.7760706875111,-5.04291489579859));
#4986=CARTESIAN_POINT('',(-35.0000005215406,-68.0000003427267,-5.00000007450581));
#4987=CARTESIAN_POINT('',(-35.0000003129244,-74.4016507590054,-7.65165049849979));
#4988=CARTESIAN_POINT('',(-35.0000003129244,-68.0000003427267,37.8000007152557));
#4989=CARTESIAN_POINT('',(-35.0000003129244,-68.0000003427267,-5.));
#4990=CARTESIAN_POINT('',(-35.0000003129244,-68.0000003427267,37.8000007152557));
#4991=CARTESIAN_POINT('Origin',(14.5000002160668,-80.8033012016258,-10.3033009334049));
#4992=CARTESIAN_POINT('',(31.0000002160668,-93.6066020605249,-15.606601792304));
#4993=CARTESIAN_POINT('',(31.000000461936,-68.0000003427267,-5.00000007450581));
#4994=CARTESIAN_POINT('',(31.0000002160668,-65.9517245973856,-4.15157648130566));
#4995=CARTESIAN_POINT('',(14.5000002067536,-68.0000003427267,-5.00000007450581));
#4996=CARTESIAN_POINT('',(14.5000002160668,-93.6066020605249,-15.606601792304));
#4997=CARTESIAN_POINT('Origin',(31.0000002160668,-68.0000003427267,42.8000007152557));
#4998=CARTESIAN_POINT('',(31.0000002160668,-48.0000003427267,37.8000007152557));
#4999=CARTESIAN_POINT('',(31.0000002160668,-48.0000003427267,-2.99999918788671));
#5000=CARTESIAN_POINT('',(31.0000002160668,-68.0000003427267,37.8000007152557));
#5001=CARTESIAN_POINT('',(31.0000002160668,-68.0000003427267,37.8000007152557));
#5002=CARTESIAN_POINT('',(31.000000461936,-68.0000003427267,-5.));
#5003=CARTESIAN_POINT('',(31.0000002160668,-96.123555524461,-25.));
#5004=CARTESIAN_POINT('',(31.0000002160668,-84.8010705981041,17.2560890130968));
#5005=CARTESIAN_POINT('',(31.000000461936,-68.0000003427267,-25.));
#5006=CARTESIAN_POINT('Origin',(-2.00000002980232,-92.3125068253706,-10.7769726248751));
#5007=CARTESIAN_POINT('',(14.5000002160668,-96.123555524461,-25.));
#5008=CARTESIAN_POINT('Origin',(31.000000461936,-68.0000003427267,-25.));
#5009=CARTESIAN_POINT('Origin',(26.0000002160668,-68.0000003427267,37.8000007152557));
#5010=CARTESIAN_POINT('',(26.0000002160668,-48.0000003427267,42.8000007152557));
#5011=CARTESIAN_POINT('Origin',(26.0000002160668,-48.0000003427267,37.8000007152557));
#5012=CARTESIAN_POINT('',(26.0000002160668,-68.0000003427267,42.8000007152557));
#5013=CARTESIAN_POINT('',(26.0000002160668,-68.0000003427267,42.8000007152557));
#5014=CARTESIAN_POINT('Origin',(26.0000002160668,-68.0000003427267,37.8000007152557));
#5015=CARTESIAN_POINT('Origin',(-2.00000004842877,-68.0000003427267,18.9000003576279));
#5016=CARTESIAN_POINT('',(-30.0000003129244,-68.0000003427267,42.8000007152557));
#5017=CARTESIAN_POINT('',(-35.0000003129244,-68.0000003427267,42.8000007152557));
#5018=CARTESIAN_POINT('Origin',(-30.0000003129244,-68.0000003427267,37.8000007152557));
#5019=CARTESIAN_POINT('',(-21.1999995261431,-68.0000003427267,2.60000068694353));
#5020=CARTESIAN_POINT('',(-21.1999995261431,-68.0000003427267,35.0999999605119));
#5021=CARTESIAN_POINT('',(-21.1999995261431,-68.0000003427267,10.7500005222857));
#5022=CARTESIAN_POINT('',(14.6999996714294,-68.0000003427267,35.0999999605119));
#5023=CARTESIAN_POINT('',(-11.5999997872859,-68.0000003427267,35.0999999605119));
#5024=CARTESIAN_POINT('',(14.6999996714294,-68.0000003427267,2.60000068694353));
#5025=CARTESIAN_POINT('',(14.6999996714294,-68.0000003427267,27.0000001590699));
#5026=CARTESIAN_POINT('',(6.34999981150031,-68.0000003427267,2.60000068694353));
#5027=CARTESIAN_POINT('Origin',(-35.0000003129244,-68.0000003427267,42.8000007152557));
#5028=CARTESIAN_POINT('',(-30.0000003129244,-48.0000003427267,42.8000007152557));
#5029=CARTESIAN_POINT('',(-35.0000003129244,-48.0000003427267,42.8000007152557));
#5030=CARTESIAN_POINT('',(-30.0000003129244,-68.0000003427267,42.8000007152557));
#5031=CARTESIAN_POINT('Origin',(-0.99999952316284,-62.2500003427267,19.000000320375));
#5032=CARTESIAN_POINT('',(29.299999345094,-62.2500003427267,-0.499999243766067));
#5033=CARTESIAN_POINT('',(29.299999345094,-62.2500003427267,-2.99999918788671));
#5034=CARTESIAN_POINT('',(29.299999345094,-62.2500003427267,8.00000056624413));
#5035=CARTESIAN_POINT('',(-32.9999992623925,-62.2500003427267,-2.99999918788671));
#5036=CARTESIAN_POINT('',(-16.9999993927777,-62.2500003427267,-2.99999918788671));
#5037=CARTESIAN_POINT('',(-32.9999992623925,-62.2500003427267,40.9999998286366));
#5038=CARTESIAN_POINT('',(-32.9999992623925,-62.2500003427267,30.0000000745058));
#5039=CARTESIAN_POINT('',(29.299999345094,-62.2500003427267,40.9999998286366));
#5040=CARTESIAN_POINT('',(15.7499998752028,-62.2500003427267,40.9999998286366));
#5041=CARTESIAN_POINT('',(29.299999345094,-62.2500003427267,37.899999897927));
#5042=CARTESIAN_POINT('',(29.299999345094,-62.2500003427267,8.00000056624413));
#5043=CARTESIAN_POINT('',(-29.0999993495643,-62.2500003427267,37.899999897927));
#5044=CARTESIAN_POINT('',(-29.0999993495643,-62.2500003427267,37.899999897927));
#5045=CARTESIAN_POINT('',(-29.0999993495643,-62.2500003427267,-0.499999243766067));
#5046=CARTESIAN_POINT('',(-29.0999993495643,-62.2500003427267,-0.499999243766067));
#5047=CARTESIAN_POINT('',(29.299999345094,-62.2500003427267,-0.499999243766067));
#5048=CARTESIAN_POINT('Origin',(32.4999992735684,-48.0000003427267,40.9999998286366));
#5049=CARTESIAN_POINT('',(29.299999345094,-48.0000003427267,40.9999998286366));
#5050=CARTESIAN_POINT('',(29.299999345094,-55.1250003427267,40.9999998286366));
#5051=CARTESIAN_POINT('',(-32.9999992623925,-48.0000003427267,40.9999998286366));
#5052=CARTESIAN_POINT('',(-32.9999992623925,-48.0000003427267,40.9999998286366));
#5053=CARTESIAN_POINT('',(15.2499996125698,-48.0000003427267,40.9999998286366));
#5054=CARTESIAN_POINT('Origin',(-32.9999992623925,-48.0000003427267,-2.99999918788671));
#5055=CARTESIAN_POINT('',(29.299999345094,-48.0000003427267,-2.99999918788671));
#5056=CARTESIAN_POINT('',(29.299999345094,-55.1250003427267,-2.99999918788671));
#5057=CARTESIAN_POINT('',(-32.9999992623925,-48.0000003427267,-2.99999918788671));
#5058=CARTESIAN_POINT('',(-17.4999996554106,-48.0000003427267,-2.99999918788671));
#5059=CARTESIAN_POINT('',(-32.9999992623925,-48.0000003427267,-2.99999918788671));
#5060=CARTESIAN_POINT('Origin',(-2.00000004842877,-48.0000003427267,18.9000003576279));
#5061=CARTESIAN_POINT('Origin',(-30.0000003129244,-48.0000003427267,37.8000007152557));
#5062=CARTESIAN_POINT('',(-32.9999992623925,-48.0000003427267,29.9500000931323));
#5063=CARTESIAN_POINT('',(29.299999345094,-48.0000003427267,40.9999998286366));
#5064=CARTESIAN_POINT('Origin',(-30.0000003129244,-68.0000003427267,37.8000007152557));
#5065=CARTESIAN_POINT('Origin',(-0.249999994412065,-64.0000003427267,19.000000320375));
#5066=CARTESIAN_POINT('',(21.1999995261431,-64.0000003427267,-0.499999243766069));
#5067=CARTESIAN_POINT('',(21.1999995261431,-64.0000003427267,37.899999897927));
#5068=CARTESIAN_POINT('',(21.1999995261431,-64.0000003427267,9.30000053718686));
#5069=CARTESIAN_POINT('',(29.299999345094,-64.0000003427267,37.899999897927));
#5070=CARTESIAN_POINT('',(14.524999675341,-64.0000003427267,37.899999897927));
#5071=CARTESIAN_POINT('',(29.299999345094,-64.0000003427267,-0.499999243766069));
#5072=CARTESIAN_POINT('',(29.299999345094,-64.0000003427267,9.25000053830445));
#5073=CARTESIAN_POINT('',(-14.6749996719882,-64.0000003427267,-0.499999243766069));
#5074=CARTESIAN_POINT('Origin',(-0.249999994412065,-64.0000003427267,19.000000320375));
#5075=CARTESIAN_POINT('',(-22.5999994948506,-64.0000003427267,37.899999897927));
#5076=CARTESIAN_POINT('',(-22.5999994948506,-64.0000003427267,-0.499999243766069));
#5077=CARTESIAN_POINT('',(-22.5999994948506,-64.0000003427267,9.30000053718686));
#5078=CARTESIAN_POINT('',(-29.0999993495643,-64.0000003427267,-0.499999243766069));
#5079=CARTESIAN_POINT('',(-14.6749996719882,-64.0000003427267,-0.499999243766069));
#5080=CARTESIAN_POINT('',(-29.0999993495643,-64.0000003427267,37.899999897927));
#5081=CARTESIAN_POINT('',(-29.0999993495643,-64.0000003427267,28.450000109151));
#5082=CARTESIAN_POINT('',(14.524999675341,-64.0000003427267,37.899999897927));
#5083=CARTESIAN_POINT('Origin',(29.299999345094,-64.0000003427267,-0.499999243766069));
#5084=CARTESIAN_POINT('',(29.299999345094,-64.0000003427267,37.899999897927));
#5085=CARTESIAN_POINT('',(29.299999345094,-64.0000003427267,-0.499999243766069));
#5086=CARTESIAN_POINT('Origin',(-29.0999993495643,-64.0000003427267,-0.499999243766069));
#5087=CARTESIAN_POINT('',(-29.0999993495643,-64.0000003427267,-0.499999243766069));
#5088=CARTESIAN_POINT('',(-22.5999994948506,-66.5000003427267,-0.499999243766069));
#5089=CARTESIAN_POINT('',(-22.5999994948506,-64.0000003427267,-0.499999243766069));
#5090=CARTESIAN_POINT('',(21.1999995261431,-66.5000003427267,-0.499999243766069));
#5091=CARTESIAN_POINT('',(29.299999345094,-66.5000003427267,-0.499999243766069));
#5092=CARTESIAN_POINT('',(21.1999995261431,-64.0000003427267,-0.499999243766069));
#5093=CARTESIAN_POINT('Origin',(-29.0999993495643,-64.0000003427267,37.899999897927));
#5094=CARTESIAN_POINT('',(-29.0999993495643,-64.0000003427267,37.899999897927));
#5095=CARTESIAN_POINT('Origin',(-32.9999992623925,-48.0000003427267,40.9999998286366));
#5096=CARTESIAN_POINT('Origin',(21.1999995261431,-64.0000003427267,37.899999897927));
#5097=CARTESIAN_POINT('',(21.1999995261431,-66.5000003427267,37.899999897927));
#5098=CARTESIAN_POINT('',(21.1999995261431,-64.0000003427267,37.899999897927));
#5099=CARTESIAN_POINT('',(-22.5999994948506,-66.5000003427267,37.899999897927));
#5100=CARTESIAN_POINT('',(-22.5999994948506,-66.5000003427267,37.899999897927));
#5101=CARTESIAN_POINT('',(-22.5999994948506,-64.0000003427267,37.899999897927));
#5102=CARTESIAN_POINT('Origin',(21.1999995261431,-64.0000003427267,-0.399999246001244));
#5103=CARTESIAN_POINT('',(21.1999995261431,-66.5000003427267,37.899999897927));
#5104=CARTESIAN_POINT('Origin',(-22.5999994948506,-64.0000003427267,37.899999897927));
#5105=CARTESIAN_POINT('',(-22.5999994948506,-66.5000003427267,-0.399999246001244));
#5106=CARTESIAN_POINT('Origin',(-0.699999984353781,-66.5000003427267,18.7500003259629));
#5107=CARTESIAN_POINT('',(-21.1999995261431,-66.5000003427267,2.60000068694353));
#5108=CARTESIAN_POINT('',(-21.1999995261431,-66.5000003427267,35.0999999605119));
#5109=CARTESIAN_POINT('',(-21.1999995261431,-66.5000003427267,10.6750005064532));
#5110=CARTESIAN_POINT('',(14.6999996714294,-66.5000003427267,2.60000068694353));
#5111=CARTESIAN_POINT('',(6.99999984353781,-66.5000003427267,2.60000068694353));
#5112=CARTESIAN_POINT('',(14.6999996714294,-66.5000003427267,35.0999999605119));
#5113=CARTESIAN_POINT('',(14.6999996714294,-66.5000003427267,26.9250001432374));
#5114=CARTESIAN_POINT('',(-10.9499997552484,-66.5000003427267,35.0999999605119));
#5115=CARTESIAN_POINT('Origin',(-21.1999995261431,-68.0000003427267,35.0999999605119));
#5116=CARTESIAN_POINT('',(14.6999996714294,-68.0000003427267,35.0999999605119));
#5117=CARTESIAN_POINT('',(-21.1999995261431,-68.0000003427267,35.0999999605119));
#5118=CARTESIAN_POINT('Origin',(14.6999996714294,-68.0000003427267,35.0999999605119));
#5119=CARTESIAN_POINT('',(14.6999996714294,-68.0000003427267,2.60000068694353));
#5120=CARTESIAN_POINT('Origin',(-21.1999995261431,-68.0000003427267,2.60000068694353));
#5121=CARTESIAN_POINT('',(-21.1999995261431,-68.0000003427267,2.60000068694353));
#5122=CARTESIAN_POINT('Origin',(14.6999996714294,-68.0000003427267,2.60000068694353));
#5123=CARTESIAN_POINT('Origin',(26.0000005960465,-53.0000003427267,38.));
#5124=CARTESIAN_POINT('',(31.0000005960465,-43.0000003427267,38.));
#5125=CARTESIAN_POINT('',(26.0000005960465,-43.0000003427267,43.));
#5126=CARTESIAN_POINT('Origin',(26.0000005960465,-43.0000003427267,38.));
#5127=CARTESIAN_POINT('',(26.0000005960465,-48.0000003427267,43.));
#5128=CARTESIAN_POINT('',(26.0000005960465,-53.0000003427267,43.));
#5129=CARTESIAN_POINT('',(31.0000005960465,-48.0000003427267,38.));
#5130=CARTESIAN_POINT('Origin',(26.0000005960465,-48.0000003427267,38.));
#5131=CARTESIAN_POINT('',(31.0000005960465,-53.0000003427267,38.));
#5132=CARTESIAN_POINT('Origin',(-1.99999940395355,-48.0000003427267,19.));
#5133=CARTESIAN_POINT('',(-29.9999994039536,-48.0000003427267,43.));
#5134=CARTESIAN_POINT('',(-18.4999994039535,-48.0000003427267,43.));
#5135=CARTESIAN_POINT('',(-34.9999994039536,-48.0000003427267,38.));
#5136=CARTESIAN_POINT('Origin',(-29.9999994039536,-48.0000003427267,38.));
#5137=CARTESIAN_POINT('',(-34.9999994039536,-48.0000003427267,-5.));
#5138=CARTESIAN_POINT('',(-34.9999994039536,-48.0000003427267,7.00000000000001));
#5139=CARTESIAN_POINT('',(31.0000005960465,-48.0000003427267,-5.));
#5140=CARTESIAN_POINT('',(14.5000005960465,-48.0000003427267,-5.));
#5141=CARTESIAN_POINT('',(31.0000005960465,-48.0000003427267,31.));
#5142=CARTESIAN_POINT('',(26.1999993473291,-48.0000003427267,40.8999998308718));
#5143=CARTESIAN_POINT('',(-29.7999992668629,-48.0000003427267,40.8999998308718));
#5144=CARTESIAN_POINT('',(29.1999993473291,-48.0000003427267,40.8999998308718));
#5145=CARTESIAN_POINT('',(29.1999993473291,-48.0000003427267,37.8999998308718));
#5146=CARTESIAN_POINT('Origin',(26.1999993473291,-48.0000003427267,37.8999998308718));
#5147=CARTESIAN_POINT('',(29.1999993473291,-48.0000003427267,0.200000807642942));
#5148=CARTESIAN_POINT('',(29.1999993473291,-48.0000003427267,-2.79999919235706));
#5149=CARTESIAN_POINT('',(26.1999993473291,-48.0000003427267,-2.79999919235706));
#5150=CARTESIAN_POINT('Origin',(26.1999993473291,-48.0000003427267,0.200000807642942));
#5151=CARTESIAN_POINT('',(-29.7999992668629,-48.0000003427267,-2.79999919235706));
#5152=CARTESIAN_POINT('',(-32.7999992668629,-48.0000003427267,-2.79999919235706));
#5153=CARTESIAN_POINT('',(-32.7999992668629,-48.0000003427267,0.200000807642939));
#5154=CARTESIAN_POINT('Origin',(-29.7999992668629,-48.0000003427267,0.200000807642939));
#5155=CARTESIAN_POINT('',(-32.7999992668629,-48.0000003427267,37.8999998308718));
#5156=CARTESIAN_POINT('',(-32.7999992668629,-48.0000003427267,40.8999998308718));
#5157=CARTESIAN_POINT('Origin',(-29.7999992668629,-48.0000003427267,37.8999998308718));
#5158=CARTESIAN_POINT('Origin',(-34.9999994039536,-53.0000003427267,43.));
#5159=CARTESIAN_POINT('',(-29.9999994039536,-43.0000003427267,43.));
#5160=CARTESIAN_POINT('',(31.0000005960465,-43.0000003427267,43.));
#5161=CARTESIAN_POINT('',(-29.9999994039536,-53.0000003427267,43.));
#5162=CARTESIAN_POINT('Origin',(-29.9999994039536,-53.0000003427267,38.));
#5163=CARTESIAN_POINT('',(-34.9999994039536,-43.0000003427267,38.));
#5164=CARTESIAN_POINT('Origin',(-29.9999994039536,-43.0000003427267,38.));
#5165=CARTESIAN_POINT('',(-34.9999994039536,-53.0000003427267,38.));
#5166=CARTESIAN_POINT('Origin',(23.1999994814396,-53.0000003427267,34.8999998308718));
#5167=CARTESIAN_POINT('',(23.1999994814396,-53.0000003427267,34.8999998308718));
#5168=CARTESIAN_POINT('',(23.1999994814396,-53.0000003427267,3.20000067353249));
#5169=CARTESIAN_POINT('',(23.1999994814396,-53.0000003427267,26.9499999154359));
#5170=CARTESIAN_POINT('',(23.1999994814396,-47.0000003427267,34.8999998308718));
#5171=CARTESIAN_POINT('',(23.1999994814396,-53.0000003427267,34.8999998308718));
#5172=CARTESIAN_POINT('',(23.1999994814396,-47.0000003427267,3.20000067353249));
#5173=CARTESIAN_POINT('',(23.1999994814396,-47.0000003427267,34.8999998308718));
#5174=CARTESIAN_POINT('',(23.1999994814396,-53.0000003427267,3.20000067353249));
#5175=CARTESIAN_POINT('Origin',(-26.7999992668629,-53.0000003427267,34.8999998308718));
#5176=CARTESIAN_POINT('',(-26.7999992668629,-53.0000003427267,34.8999998308718));
#5177=CARTESIAN_POINT('',(-14.3999993354082,-53.0000003427267,34.8999998308718));
#5178=CARTESIAN_POINT('',(-26.7999992668629,-47.0000003427267,34.8999998308718));
#5179=CARTESIAN_POINT('',(-26.7999992668629,-53.0000003427267,34.8999998308718));
#5180=CARTESIAN_POINT('',(-26.7999992668629,-47.0000003427267,34.8999998308718));
#5181=CARTESIAN_POINT('Origin',(-26.7999992668629,-53.0000003427267,3.20000067353249));
#5182=CARTESIAN_POINT('',(-26.7999992668629,-53.0000003427267,3.20000067353249));
#5183=CARTESIAN_POINT('',(-26.7999992668629,-53.0000003427267,11.1000003367663));
#5184=CARTESIAN_POINT('',(-26.7999992668629,-47.0000003427267,3.20000067353249));
#5185=CARTESIAN_POINT('',(-26.7999992668629,-53.0000003427267,3.20000067353249));
#5186=CARTESIAN_POINT('',(-26.7999992668629,-47.0000003427267,3.20000067353249));
#5187=CARTESIAN_POINT('Origin',(23.1999994814396,-53.0000003427267,3.20000067353249));
#5188=CARTESIAN_POINT('',(10.600000038743,-53.0000003427267,3.20000067353249));
#5189=CARTESIAN_POINT('',(23.1999994814396,-47.0000003427267,3.20000067353249));
#5190=CARTESIAN_POINT('Origin',(-1.79999989271164,-47.0000003427267,19.0500002522022));
#5191=CARTESIAN_POINT('Origin',(-29.7999992668629,-52.5000003427267,0.200000807642939));
#5192=CARTESIAN_POINT('',(-31.7999992668629,-53.0000003427267,0.200000807642939));
#5193=CARTESIAN_POINT('',(-32.7999992668629,-52.0000003427267,0.200000807642939));
#5194=CARTESIAN_POINT('',(-31.7999992668629,-53.0000003427267,0.200000807642939));
#5195=CARTESIAN_POINT('',(-29.7999992668629,-52.0000003427267,-2.79999919235706));
#5196=CARTESIAN_POINT('Origin',(-29.7999992668629,-52.0000003427267,0.200000807642939));
#5197=CARTESIAN_POINT('',(-29.7999992668629,-53.0000003427267,-1.79999919235706));
#5198=CARTESIAN_POINT('',(-29.7999992668629,-52.0000003427267,-2.79999919235706));
#5199=CARTESIAN_POINT('Origin',(-29.7999992668629,-53.0000003427267,0.200000807642939));
#5200=CARTESIAN_POINT('Origin',(-32.2999992668629,-52.5000003427267,29.9499999154359));
#5201=CARTESIAN_POINT('',(-31.7999992668629,-53.0000003427267,37.8999998308718));
#5202=CARTESIAN_POINT('',(-31.7999992668629,-53.0000003427267,29.9499999154359));
#5203=CARTESIAN_POINT('',(-32.7999992668629,-52.0000003427267,37.8999998308718));
#5204=CARTESIAN_POINT('',(-31.7999992668629,-53.0000003427267,37.8999998308718));
#5205=CARTESIAN_POINT('',(-32.7999992668629,-52.0000003427267,29.9499999154359));
#5206=CARTESIAN_POINT('Origin',(-29.7999992668629,-52.5000003427267,37.8999998308718));
#5207=CARTESIAN_POINT('',(-29.7999992668629,-53.0000003427267,39.8999998308718));
#5208=CARTESIAN_POINT('',(-29.7999992668629,-52.0000003427267,40.8999998308718));
#5209=CARTESIAN_POINT('',(-29.7999992668629,-53.0000003427267,39.8999998308718));
#5210=CARTESIAN_POINT('Origin',(-29.7999992668629,-52.0000003427267,37.8999998308718));
#5211=CARTESIAN_POINT('Origin',(-29.7999992668629,-53.0000003427267,37.8999998308718));
#5212=CARTESIAN_POINT('Origin',(13.5999999716878,-52.5000003427267,40.3999998308718));
#5213=CARTESIAN_POINT('',(26.1999993473291,-53.0000003427267,39.8999998308718));
#5214=CARTESIAN_POINT('',(13.5999999716878,-53.0000003427267,39.8999998308718));
#5215=CARTESIAN_POINT('',(26.1999993473291,-52.0000003427267,40.8999998308718));
#5216=CARTESIAN_POINT('',(26.1999993473291,-53.0000003427267,39.8999998308718));
#5217=CARTESIAN_POINT('',(13.5999999716878,-52.0000003427267,40.8999998308718));
#5218=CARTESIAN_POINT('Origin',(26.1999993473291,-52.5000003427267,37.8999998308718));
#5219=CARTESIAN_POINT('',(28.1999993473291,-53.0000003427267,37.8999998308718));
#5220=CARTESIAN_POINT('',(29.1999993473291,-52.0000003427267,37.8999998308718));
#5221=CARTESIAN_POINT('',(28.1999993473291,-53.0000003427267,37.8999998308718));
#5222=CARTESIAN_POINT('Origin',(26.1999993473291,-52.0000003427267,37.8999998308718));
#5223=CARTESIAN_POINT('Origin',(26.1999993473291,-53.0000003427267,37.8999998308718));
#5224=CARTESIAN_POINT('Origin',(28.6999993473291,-52.5000003427267,8.10000040382147));
#5225=CARTESIAN_POINT('',(28.1999993473291,-53.0000003427267,0.200000807642942));
#5226=CARTESIAN_POINT('',(28.1999993473291,-53.0000003427267,8.10000040382147));
#5227=CARTESIAN_POINT('',(29.1999993473291,-52.0000003427267,0.200000807642942));
#5228=CARTESIAN_POINT('',(28.1999993473291,-53.0000003427267,0.200000807642942));
#5229=CARTESIAN_POINT('',(29.1999993473291,-52.0000003427267,8.10000040382147));
#5230=CARTESIAN_POINT('Origin',(26.1999993473291,-52.5000003427267,0.200000807642942));
#5231=CARTESIAN_POINT('',(26.1999993473291,-53.0000003427267,-1.79999919235706));
#5232=CARTESIAN_POINT('',(26.1999993473291,-52.0000003427267,-2.79999919235706));
#5233=CARTESIAN_POINT('',(26.1999993473291,-53.0000003427267,-1.79999919235706));
#5234=CARTESIAN_POINT('Origin',(26.1999993473291,-52.0000003427267,0.200000807642942));
#5235=CARTESIAN_POINT('Origin',(26.1999993473291,-53.0000003427267,0.200000807642942));
#5236=CARTESIAN_POINT('Origin',(-17.3999993354082,-52.5000003427267,-2.29999919235706));
#5237=CARTESIAN_POINT('',(-17.3999993354082,-53.0000003427267,-1.79999919235706));
#5238=CARTESIAN_POINT('',(-17.3999993354082,-52.0000003427267,-2.79999919235706));
#5239=CARTESIAN_POINT('Origin',(29.1999993473291,-53.0000003427267,-2.79999919235706));
#5240=CARTESIAN_POINT('',(29.1999993473291,-53.0000003427267,0.200000807642942));
#5241=CARTESIAN_POINT('',(29.1999993473291,-53.0000003427267,37.8999998308718));
#5242=CARTESIAN_POINT('Origin',(26.1999993473291,-53.0000003427267,0.200000807642942));
#5243=CARTESIAN_POINT('',(26.1999993473291,-53.0000003427267,-2.79999919235706));
#5244=CARTESIAN_POINT('Origin',(-32.7999992668629,-53.0000003427267,-2.79999919235706));
#5245=CARTESIAN_POINT('',(-29.7999992668629,-53.0000003427267,-2.79999919235706));
#5246=CARTESIAN_POINT('Origin',(-29.7999992668629,-53.0000003427267,0.200000807642939));
#5247=CARTESIAN_POINT('',(-32.7999992668629,-53.0000003427267,0.200000807642939));
#5248=CARTESIAN_POINT('Origin',(-1.99999940395355,-53.0000003427267,19.));
#5249=CARTESIAN_POINT('Origin',(-32.7999992668629,-53.0000003427267,40.8999998308718));
#5250=CARTESIAN_POINT('',(-32.7999992668629,-53.0000003427267,37.8999998308718));
#5251=CARTESIAN_POINT('Origin',(-29.7999992668629,-53.0000003427267,37.8999998308718));
#5252=CARTESIAN_POINT('',(-29.7999992668629,-53.0000003427267,40.8999998308718));
#5253=CARTESIAN_POINT('Origin',(29.1999993473291,-53.0000003427267,40.8999998308718));
#5254=CARTESIAN_POINT('',(26.1999993473291,-53.0000003427267,40.8999998308718));
#5255=CARTESIAN_POINT('Origin',(26.1999993473291,-53.0000003427267,37.8999998308718));
#5256=CARTESIAN_POINT('Origin',(-34.9999994039536,-53.0000003427267,-5.));
#5257=CARTESIAN_POINT('',(-34.9999994039536,-43.0000003427267,-5.));
#5258=CARTESIAN_POINT('',(-34.9999994039536,-43.0000003427267,43.));
#5259=CARTESIAN_POINT('',(-34.9999994039536,-53.0000003427267,-5.));
#5260=CARTESIAN_POINT('Origin',(31.0000005960465,-53.0000003427267,-5.));
#5261=CARTESIAN_POINT('',(31.0000005960465,-43.0000003427267,-5.));
#5262=CARTESIAN_POINT('',(-34.9999994039536,-43.0000003427267,-5.));
#5263=CARTESIAN_POINT('',(31.0000005960465,-53.0000003427267,-5.));
#5264=CARTESIAN_POINT('Origin',(31.0000005960465,-53.0000003427267,43.));
#5265=CARTESIAN_POINT('',(31.0000005960465,-43.0000003427267,-5.));
#5266=CARTESIAN_POINT('Origin',(-1.99999940395355,-43.0000003427267,19.));
#5267=CARTESIAN_POINT('',(0.,0.,0.));
#5268=CARTESIAN_POINT('',(0.,-60.,-25.));
#5269=UNCERTAINTY_MEASURE_WITH_UNIT(LENGTH_MEASURE(0.01),#5279,
'DISTANCE_ACCURACY_VALUE',
'Maximum model space distance between geometric entities at asserted c
onnectivities');
#5270=UNCERTAINTY_MEASURE_WITH_UNIT(LENGTH_MEASURE(0.01),#5279,
'DISTANCE_ACCURACY_VALUE',
'Maximum model space distance between geometric entities at asserted c
onnectivities');
#5271=UNCERTAINTY_MEASURE_WITH_UNIT(LENGTH_MEASURE(0.01),#5279,
'DISTANCE_ACCURACY_VALUE',
'Maximum model space distance between geometric entities at asserted c
onnectivities');
#5272=UNCERTAINTY_MEASURE_WITH_UNIT(LENGTH_MEASURE(0.01),#5279,
'DISTANCE_ACCURACY_VALUE',
'Maximum model space distance between geometric entities at asserted c
onnectivities');
#5273=UNCERTAINTY_MEASURE_WITH_UNIT(LENGTH_MEASURE(0.01),#5279,
'DISTANCE_ACCURACY_VALUE',
'Maximum model space distance between geometric entities at asserted c
onnectivities');
#5274=(
GEOMETRIC_REPRESENTATION_CONTEXT(3)
GLOBAL_UNCERTAINTY_ASSIGNED_CONTEXT((#5269))
GLOBAL_UNIT_ASSIGNED_CONTEXT((#5279,#5281,#5282))
REPRESENTATION_CONTEXT('','3D')
);
#5275=(
GEOMETRIC_REPRESENTATION_CONTEXT(3)
GLOBAL_UNCERTAINTY_ASSIGNED_CONTEXT((#5270))
GLOBAL_UNIT_ASSIGNED_CONTEXT((#5279,#5281,#5282))
REPRESENTATION_CONTEXT('','3D')
);
#5276=(
GEOMETRIC_REPRESENTATION_CONTEXT(3)
GLOBAL_UNCERTAINTY_ASSIGNED_CONTEXT((#5271))
GLOBAL_UNIT_ASSIGNED_CONTEXT((#5279,#5281,#5282))
REPRESENTATION_CONTEXT('','3D')
);
#5277=(
GEOMETRIC_REPRESENTATION_CONTEXT(3)
GLOBAL_UNCERTAINTY_ASSIGNED_CONTEXT((#5272))
GLOBAL_UNIT_ASSIGNED_CONTEXT((#5279,#5281,#5282))
REPRESENTATION_CONTEXT('','3D')
);
#5278=(
GEOMETRIC_REPRESENTATION_CONTEXT(3)
GLOBAL_UNCERTAINTY_ASSIGNED_CONTEXT((#5273))
GLOBAL_UNIT_ASSIGNED_CONTEXT((#5279,#5281,#5282))
REPRESENTATION_CONTEXT('','3D')
);
#5279=(
LENGTH_UNIT()
NAMED_UNIT(*)
SI_UNIT(.MILLI.,.METRE.)
);
#5280=(
LENGTH_UNIT()
NAMED_UNIT(*)
SI_UNIT($,.METRE.)
);
#5281=(
NAMED_UNIT(*)
PLANE_ANGLE_UNIT()
SI_UNIT($,.RADIAN.)
);
#5282=(
NAMED_UNIT(*)
SI_UNIT($,.STERADIAN.)
SOLID_ANGLE_UNIT()
);
#5283=SHAPE_DEFINITION_REPRESENTATION(#5287,#5294);
#5284=SHAPE_DEFINITION_REPRESENTATION(#5288,#5295);
#5285=SHAPE_DEFINITION_REPRESENTATION(#5289,#5296);
#5286=SHAPE_DEFINITION_REPRESENTATION(#5290,#5297);
#5287=PRODUCT_DEFINITION_SHAPE('',$,#5299);
#5288=PRODUCT_DEFINITION_SHAPE('',$,#5300);
#5289=PRODUCT_DEFINITION_SHAPE('',$,#5301);
#5290=PRODUCT_DEFINITION_SHAPE('',$,#5302);
#5291=PRODUCT_DEFINITION_SHAPE($,$,#124);
#5292=PRODUCT_DEFINITION_SHAPE($,$,#125);
#5293=PRODUCT_DEFINITION_SHAPE($,$,#126);
#5294=SHAPE_REPRESENTATION('',(#3241,#3481,#3482),#5274);
#5295=SHAPE_REPRESENTATION('',(#3242),#5275);
#5296=SHAPE_REPRESENTATION('',(#3288,#3290),#5276);
#5297=SHAPE_REPRESENTATION('',(#3289),#5277);
#5298=PRODUCT_DEFINITION_CONTEXT('part definition',#5312,'design');
#5299=PRODUCT_DEFINITION('2026-04-02-03-30-56-114','case',#5303,#5298);
#5300=PRODUCT_DEFINITION('2026-04-02-12-32-11-215','esp32 compartment',
#5304,#5298);
#5301=PRODUCT_DEFINITION('2026-04-02-07-56-31-364','Untitled',#5305,#5298);
#5302=PRODUCT_DEFINITION('2026-04-02-07-56-31-365','RootNode',#5306,#5298);
#5303=PRODUCT_DEFINITION_FORMATION('',$,#5314);
#5304=PRODUCT_DEFINITION_FORMATION('',$,#5315);
#5305=PRODUCT_DEFINITION_FORMATION('',$,#5316);
#5306=PRODUCT_DEFINITION_FORMATION('',$,#5317);
#5307=PRODUCT_RELATED_PRODUCT_CATEGORY('case','case',(#5314));
#5308=PRODUCT_RELATED_PRODUCT_CATEGORY('esp32 compartment',
'esp32 compartment',(#5315));
#5309=PRODUCT_RELATED_PRODUCT_CATEGORY('Untitled','Untitled',(#5316));
#5310=PRODUCT_RELATED_PRODUCT_CATEGORY('RootNode','RootNode',(#5317));
#5311=APPLICATION_PROTOCOL_DEFINITION('international standard',
'automotive_design',2009,#5312);
#5312=APPLICATION_CONTEXT(
'Core Data for Automotive Mechanical Design Process');
#5313=PRODUCT_CONTEXT('part definition',#5312,'mechanical');
#5314=PRODUCT('2026-04-02-03-30-56-114','case','HOOPS Exchange Step',(#5313));
#5315=PRODUCT('2026-04-02-12-32-11-215','esp32 compartment',$,(#5313));
#5316=PRODUCT('2026-04-02-07-56-31-364','Untitled',$,(#5313));
#5317=PRODUCT('2026-04-02-07-56-31-365','RootNode',$,(#5313));
#5318=PRESENTATION_STYLE_ASSIGNMENT((#5322));
#5319=PRESENTATION_STYLE_ASSIGNMENT((#5323));
#5320=PRESENTATION_STYLE_ASSIGNMENT((#5324));
#5321=PRESENTATION_STYLE_ASSIGNMENT((#5325));
#5322=SURFACE_STYLE_USAGE(.BOTH.,#5326);
#5323=SURFACE_STYLE_USAGE(.BOTH.,#5327);
#5324=SURFACE_STYLE_USAGE(.BOTH.,#5328);
#5325=SURFACE_STYLE_USAGE(.BOTH.,#5329);
#5326=SURFACE_SIDE_STYLE('',(#5330));
#5327=SURFACE_SIDE_STYLE('',(#5331));
#5328=SURFACE_SIDE_STYLE('',(#5332));
#5329=SURFACE_SIDE_STYLE('',(#5333));
#5330=SURFACE_STYLE_FILL_AREA(#5334);
#5331=SURFACE_STYLE_FILL_AREA(#5335);
#5332=SURFACE_STYLE_FILL_AREA(#5336);
#5333=SURFACE_STYLE_FILL_AREA(#5337);
#5334=FILL_AREA_STYLE('Steel - Satin',(#5338));
#5335=FILL_AREA_STYLE('Opaque(26,26,26)',(#5339));
#5336=FILL_AREA_STYLE('Opaque(255,0,0)',(#5340));
#5337=FILL_AREA_STYLE('Opaque(139,139,139)',(#5341));
#5338=FILL_AREA_STYLE_COLOUR('Steel - Satin',#5342);
#5339=FILL_AREA_STYLE_COLOUR('Opaque(26,26,26)',#5343);
#5340=FILL_AREA_STYLE_COLOUR('Opaque(255,0,0)',#5344);
#5341=FILL_AREA_STYLE_COLOUR('Opaque(139,139,139)',#5345);
#5342=COLOUR_RGB('Steel - Satin',0.627450980392157,0.627450980392157,0.627450980392157);
#5343=COLOUR_RGB('Opaque(26,26,26)',0.101960784313725,0.101960784313725,
0.101960784313725);
#5344=COLOUR_RGB('Opaque(255,0,0)',1.,0.,0.);
#5345=COLOUR_RGB('Opaque(139,139,139)',0.545098039215686,0.545098039215686,
0.545098039215686);
ENDSEC;
END-ISO-10303-21;
